hitObjectColliderName,ordinalOfHit,hitObjectColliderBoundsCenter.x,hitObjectColliderBoundsCenter.y,hitObjectColliderBoundsCenter.z,participantId,session_type
StartZoneA8,1,365.41741943359375,-2.267709732055664,107.92974853515624,1054,dyadic_leader
Female_063_NoHands,2,365.35491943359375,-0.8037312626838684,108.51284790039062,1054,dyadic_leader
Female_063_NoHands,2,365.355224609375,-0.8037319779396057,108.51312255859376,1054,dyadic_leader
Female_063_NoHands,2,365.35528564453125,-0.8037319183349609,108.51303100585938,1054,dyadic_leader
Female_063_NoHands,2,365.3553466796875,-0.8037319183349609,108.512939453125,1054,dyadic_leader
Female_063_NoHands,2,365.35540771484375,-0.8037322163581848,108.51285552978516,1054,dyadic_leader
Female_063_NoHands,2,365.3555603027344,-0.8037322163581848,108.51268768310548,1054,dyadic_leader
Female_063_NoHands,2,365.3556213378906,-0.8037309646606445,108.51260375976562,1054,dyadic_leader
Female_063_NoHands,2,365.355712890625,-0.8037312626838684,108.51251983642578,1054,dyadic_leader
Female_063_NoHands,1,365.3558654785156,-0.8037314414978027,108.5123519897461,1054,dyadic_leader
pavement_Ha.002,2,281.0106201171875,-1.2424771785736084,59.62023162841797,1054,dyadic_leader
Female_063_NoHands,1,365.3558044433594,-0.8037307858467102,108.51201629638672,1054,dyadic_leader
Female_063_NoHands,1,365.35577392578125,-0.8037305474281311,108.51184844970705,1054,dyadic_leader
Female_063_NoHands,1,365.355712890625,-0.803730845451355,108.51168060302734,1054,dyadic_leader
road_base_network.005,1,337.7492370605469,-2.4611709117889404,120.45791625976562,1054,dyadic_leader
PhoneCollider,1,366.97344970703125,-0.8585057258605957,109.91567993164062,1054,dyadic_leader
finger_index_1_r,2,366.9541015625,-0.8581497073173523,109.9526824951172,1054,dyadic_leader
PhoneCollider,1,366.97344970703125,-0.8366570472717285,109.91837310791016,1054,dyadic_leader
Sphere (2),2,367.0085144042969,-0.8352609872817993,109.9391632080078,1054,dyadic_leader
Sphere (2),1,367.0102233886719,-0.8237144947052002,109.94144439697266,1054,dyadic_leader
Sphere (3),2,367.0388488769531,-0.8441397547721863,109.92623138427734,1054,dyadic_leader
Sphere (3),1,367.0393981933594,-0.8388900756835938,109.92687225341795,1054,dyadic_leader
PhoneCollider,2,366.9773254394531,-0.809340238571167,109.92245483398438,1054,dyadic_leader
Sphere (3),1,367.0402526855469,-0.833367645740509,109.92777252197266,1054,dyadic_leader
Sphere,2,367.08428955078125,-0.8395441174507141,109.92069244384766,1054,dyadic_leader
Sphere (3),1,367.0411071777344,-0.8281365036964417,109.92860412597656,1054,dyadic_leader
PhoneCollider,1,366.9840087890625,-0.782825231552124,109.92599487304688,1054,dyadic_leader
Sphere (3),2,367.0426635742188,-0.8188691735267639,109.9304656982422,1054,dyadic_leader
PhoneCollider,1,366.9855346679688,-0.7773028612136841,109.92623901367188,1054,dyadic_leader
Sphere (3),2,367.0438232421875,-0.8149116039276123,109.93108367919922,1054,dyadic_leader
PhoneCollider,1,366.9874572753906,-0.7723331451416016,109.92642974853516,1054,dyadic_leader
Sphere (2),2,367.0197143554688,-0.7859755158424377,109.94579315185548,1054,dyadic_leader
PhoneCollider,1,366.98919677734375,-0.7675429582595825,109.92634582519531,1054,dyadic_leader
Sphere (3),2,367.0465087890625,-0.8060142993927002,109.93142700195312,1054,dyadic_leader
PhoneCollider,1,366.9918823242188,-0.7613071203231812,109.92644500732422,1054,dyadic_leader
Sphere (2),2,367.024169921875,-0.7751783132553101,109.94611358642578,1054,dyadic_leader
PhoneCollider,1,366.9964599609375,-0.7520437240600586,109.92716217041016,1054,dyadic_leader
finger_middle_0_r,2,367.0077819824219,-0.7961885333061218,109.9514389038086,1054,dyadic_leader
PhoneCollider,1,366.99810791015625,-0.7493224143981934,109.92756652832031,1054,dyadic_leader
Sphere (1),2,367.0205078125,-0.8006214499473572,109.91632080078124,1054,dyadic_leader
PhoneCollider,1,367.0021362304688,-0.7442386150360107,109.92878723144531,1054,dyadic_leader
Sphere (3),2,367.0536193847656,-0.7923825979232788,109.93199157714844,1054,dyadic_leader
PhoneCollider,1,367.0040588378906,-0.7419612407684326,109.92930603027344,1054,dyadic_leader
Sphere (3),2,367.0548095703125,-0.790716290473938,109.93224334716795,1054,dyadic_leader
PhoneCollider,1,367.0057373046875,-0.7397692203521729,109.9298858642578,1054,dyadic_leader
Sphere (3),2,367.0562744140625,-0.7890912294387817,109.9325714111328,1054,dyadic_leader
PhoneCollider,1,367.0093078613281,-0.7355406284332275,109.9308624267578,1054,dyadic_leader
Sphere (1),2,367.0281677246094,-0.7882738709449768,109.91763305664062,1054,dyadic_leader
PhoneCollider,1,367.01251220703125,-0.731988787651062,109.93157196044922,1054,dyadic_leader
Sphere (1),2,367.0304565429688,-0.7853873968124391,109.91831970214844,1054,dyadic_leader
PhoneCollider,1,367.0140380859375,-0.7306921482086182,109.93195343017578,1054,dyadic_leader
Sphere (1),2,367.03167724609375,-0.7839986085891724,109.91867065429688,1054,dyadic_leader
PhoneCollider,1,367.01568603515625,-0.7291887998580933,109.9323272705078,1054,dyadic_leader
Sphere (1),2,367.0328979492188,-0.7827280759811401,109.91902160644531,1054,dyadic_leader
PhoneCollider,1,367.0172729492188,-0.7278332710266113,109.93276977539062,1054,dyadic_leader
Sphere (1),2,367.0342102050781,-0.7814919352531433,109.91922760009766,1054,dyadic_leader
PhoneCollider,1,367.0188903808594,-0.7265383005142212,109.93311309814452,1054,dyadic_leader
Sphere (1),2,367.0354309082031,-0.7802912592887878,109.9193878173828,1054,dyadic_leader
PhoneCollider,1,367.0203857421875,-0.7253125905990601,109.93348693847656,1054,dyadic_leader
Sphere (1),2,367.0365905761719,-0.7792714834213257,109.91960144042969,1054,dyadic_leader
PhoneCollider,1,367.0218811035156,-0.7242856025695801,109.93399810791016,1054,dyadic_leader
Sphere (1),2,367.0378112792969,-0.7782871723175049,109.91984558105469,1054,dyadic_leader
PhoneCollider,1,367.0234375,-0.7233031988143921,109.9345703125,1054,dyadic_leader
Sphere (1),2,367.0390625,-0.7772346735000609,109.92015838623048,1054,dyadic_leader
PhoneCollider,1,367.0250244140625,-0.7222607135772705,109.93523406982422,1054,dyadic_leader
Sphere (3),2,367.0711975097656,-0.7761741876602173,109.93573760986328,1054,dyadic_leader
PhoneCollider,1,367.02667236328125,-0.7211657762527466,109.93590545654295,1054,dyadic_leader
Sphere (3),2,367.0724792480469,-0.77533358335495,109.93624877929688,1054,dyadic_leader
PhoneCollider,1,367.0282897949219,-0.7200593948364258,109.93673706054688,1054,dyadic_leader
Sphere (3),2,367.0737609863281,-0.7746142148971558,109.936767578125,1054,dyadic_leader
PhoneCollider,1,367.0299072265625,-0.7190743684768677,109.93751525878906,1054,dyadic_leader
Sphere (3),2,367.0751037597656,-0.7737268209457397,109.93726348876952,1054,dyadic_leader
PhoneCollider,1,367.03155517578125,-0.7179386615753174,109.93819427490234,1054,dyadic_leader
Sphere (3),2,367.0763854980469,-0.7728434205055237,109.93790435791016,1054,dyadic_leader
PhoneCollider,1,367.03314208984375,-0.7168307304382324,109.9389190673828,1054,dyadic_leader
Sphere (3),2,367.0776672363281,-0.7718404531478882,109.93833923339844,1054,dyadic_leader
PhoneCollider,1,367.0363159179688,-0.7144423723220825,109.93992614746094,1054,dyadic_leader
Sphere (3),2,367.0802307128906,-0.7700170278549194,109.93911743164062,1054,dyadic_leader
PhoneCollider,1,367.0377807617188,-0.7133812904357909,109.9404067993164,1054,dyadic_leader
Sphere (3),2,367.0811767578125,-0.7693307399749756,109.93960571289062,1054,dyadic_leader
PhoneCollider,1,367.0390930175781,-0.7124508619308472,109.94094848632812,1054,dyadic_leader
Sphere (3),2,367.082275390625,-0.7684963941574097,109.94005584716795,1054,dyadic_leader
PhoneCollider,1,367.0404968261719,-0.7113722562789917,109.94140625,1054,dyadic_leader
Sphere (3),2,367.08331298828125,-0.7676524519920349,109.94043731689452,1054,dyadic_leader
PhoneCollider,1,367.0418701171875,-0.7102922201156616,109.94180297851562,1054,dyadic_leader
Sphere (3),2,367.0843811035156,-0.7669122815132141,109.9407730102539,1054,dyadic_leader
PhoneCollider,1,367.0445861816406,-0.7082999944686891,109.94249725341795,1054,dyadic_leader
Sphere (3),2,367.08642578125,-0.7653423547744751,109.9414520263672,1054,dyadic_leader
PhoneCollider,1,367.04583740234375,-0.7073689699172974,109.9428253173828,1054,dyadic_leader
Sphere (3),2,367.0872497558594,-0.7645676732063293,109.9417953491211,1054,dyadic_leader
PhoneCollider,1,367.0469665527344,-0.7064005136489868,109.94315338134766,1054,dyadic_leader
Sphere (3),2,367.0881042480469,-0.7638954520225525,109.94217681884766,1054,dyadic_leader
PhoneCollider,1,367.048095703125,-0.7055174112319946,109.94348907470705,1054,dyadic_leader
Sphere (3),2,367.0889587402344,-0.7632036209106445,109.94255828857422,1054,dyadic_leader
PhoneCollider,1,367.04925537109375,-0.7046120166778564,109.94381713867188,1054,dyadic_leader
Sphere (3),2,367.0896911621094,-0.762538492679596,109.9428482055664,1054,dyadic_leader
PhoneCollider,1,367.0503234863281,-0.7037376165390015,109.94403839111328,1054,dyadic_leader
Sphere (3),2,367.0905151367188,-0.761852502822876,109.94319152832031,1054,dyadic_leader
PhoneCollider,1,367.052490234375,-0.701979398727417,109.9445343017578,1054,dyadic_leader
Sphere (3),2,367.09210205078125,-0.7604746222496033,109.94384765625,1054,dyadic_leader
PhoneCollider,1,367.0543518066406,-0.7003095149993896,109.9447021484375,1054,dyadic_leader
Sphere (3),2,367.0934448242188,-0.7590916752815247,109.94393920898438,1054,dyadic_leader
PhoneCollider,1,367.0553283691406,-0.6994442939758301,109.9447784423828,1054,dyadic_leader
Sphere (3),2,367.09417724609375,-0.7584571242332458,109.94400787353516,1054,dyadic_leader
PhoneCollider,1,367.0572814941406,-0.697831392288208,109.94497680664062,1054,dyadic_leader
Sphere (3),2,367.0955505371094,-0.7571107149124146,109.9444580078125,1054,dyadic_leader
PhoneCollider,1,367.0581665039063,-0.6970160007476807,109.9453125,1054,dyadic_leader
Sphere (3),2,367.0961608886719,-0.7564973831176758,109.94469451904295,1054,dyadic_leader
PhoneCollider,1,367.059814453125,-0.6953165531158447,109.94578552246094,1054,dyadic_leader
Sphere (3),2,367.0972290039063,-0.7550380229949951,109.945068359375,1054,dyadic_leader
PhoneCollider,1,367.0606689453125,-0.6944255828857422,109.9459228515625,1054,dyadic_leader
Sphere (3),2,367.09796142578125,-0.7542343139648438,109.94523620605469,1054,dyadic_leader
PhoneCollider,1,367.05517578125,-0.6925634145736694,109.93980407714844,1054,dyadic_leader
Sphere (3),2,367.0919189453125,-0.7528741359710693,109.93907165527344,1054,dyadic_leader
PhoneCollider,1,367.0478515625,-0.6916583776473999,109.9319076538086,1054,dyadic_leader
Sphere (3),2,367.0845031738281,-0.7521714568138123,109.93172454833984,1054,dyadic_leader
PhoneCollider,1,367.0182495117188,-0.6895413398742676,109.8977508544922,1054,dyadic_leader
Sphere (3),2,367.0544128417969,-0.7502241730690002,109.89724731445312,1054,dyadic_leader
PhoneCollider,1,366.9707336425781,-0.6870449781417847,109.83905029296876,1054,dyadic_leader
Sphere (3),2,367.0066223144531,-0.7481007575988771,109.83851623535156,1054,dyadic_leader
PhoneCollider,1,366.9456787109375,-0.6859520673751831,109.8084487915039,1054,dyadic_leader
Sphere (3),2,366.9814147949219,-0.7469704151153564,109.80804443359376,1054,dyadic_leader
Sphere,1,366.9917602539063,-0.7711324095726013,109.76958465576172,1054,dyadic_leader
pavement_G.007,1,376.01263427734375,-2.8379738330841064,117.06402587890624,1054,dyadic_leader
Sphere (3),1,366.6730651855469,-0.7316523790359497,109.46431732177734,1054,dyadic_leader
Sphere,2,366.7087097167969,-0.7579814791679382,109.4565658569336,1054,dyadic_leader
Sphere (3),1,366.6732177734375,-0.7312671542167664,109.46446228027344,1054,dyadic_leader
Sphere,2,366.70880126953125,-0.7576593160629272,109.45674896240234,1054,dyadic_leader
PhoneCollider,1,366.639892578125,-0.668765664100647,109.46465301513672,1054,dyadic_leader
Sphere (3),2,366.6731872558594,-0.7309271693229675,109.464599609375,1054,dyadic_leader
Sphere (3),1,366.67327880859375,-0.7306931614875793,109.46471405029295,1054,dyadic_leader
Sphere,2,366.7087707519531,-0.7572217583656311,109.45708465576172,1054,dyadic_leader
PhoneCollider,1,366.6403198242188,-0.6678352355957031,109.4646453857422,1054,dyadic_leader
Sphere (3),2,366.6733703613281,-0.7303228378295898,109.4648895263672,1054,dyadic_leader
PhoneCollider,1,366.64068603515625,-0.6674791574478149,109.46482849121094,1054,dyadic_leader
Sphere (3),2,366.6735229492188,-0.730175256729126,109.46532440185548,1054,dyadic_leader
PhoneCollider,1,366.6409606933594,-0.6672900915145874,109.4648208618164,1054,dyadic_leader
Sphere (3),2,366.6737060546875,-0.730082094669342,109.46566772460938,1054,dyadic_leader
PhoneCollider,1,366.64111328125,-0.6672065258026123,109.4648208618164,1054,dyadic_leader
Sphere (3),2,366.6737365722656,-0.7300775051116943,109.46581268310548,1054,dyadic_leader
PhoneCollider,1,366.6412353515625,-0.6671711206436157,109.4647979736328,1054,dyadic_leader
Sphere (3),2,366.6737060546875,-0.7300336956977844,109.46615600585938,1054,dyadic_leader
PhoneCollider,1,366.6412353515625,-0.6671022176742554,109.4649658203125,1054,dyadic_leader
Sphere (3),2,366.67376708984375,-0.7299601435661316,109.46642303466795,1054,dyadic_leader
PhoneCollider,1,366.641357421875,-0.6668394804000854,109.4651336669922,1054,dyadic_leader
Sphere (3),2,366.67388916015625,-0.7297419309616089,109.46672058105469,1054,dyadic_leader
PhoneCollider,1,366.6415100097656,-0.6668142080307007,109.46526336669922,1054,dyadic_leader
Sphere (3),2,366.6739501953125,-0.7297922372817993,109.46688079833984,1054,dyadic_leader
PhoneCollider,1,366.64154052734375,-0.6668261289596558,109.46527862548828,1054,dyadic_leader
Sphere (3),2,366.6739501953125,-0.7298541069030762,109.46691131591795,1054,dyadic_leader
PhoneCollider,1,366.6415710449219,-0.6668789386749268,109.46530151367188,1054,dyadic_leader
Sphere (3),2,366.6739501953125,-0.7298555970191956,109.46685028076172,1054,dyadic_leader
PhoneCollider,1,366.6415710449219,-0.6668825149536133,109.46522521972656,1054,dyadic_leader
Sphere (3),2,366.6739807128906,-0.729871928691864,109.46671295166016,1054,dyadic_leader
PhoneCollider,1,366.6415710449219,-0.6669090986251831,109.46485900878906,1054,dyadic_leader
Sphere (3),2,366.67376708984375,-0.7299087643623352,109.46631622314452,1054,dyadic_leader
PhoneCollider,1,366.6413879394531,-0.6668599843978882,109.46444702148438,1054,dyadic_leader
Sphere (3),2,366.6736145019531,-0.7297769784927368,109.4658432006836,1054,dyadic_leader
PhoneCollider,1,366.6412963867188,-0.6667667627334595,109.46412658691406,1054,dyadic_leader
Sphere (3),2,366.6735534667969,-0.7296410799026489,109.4655532836914,1054,dyadic_leader
PhoneCollider,1,366.6412963867188,-0.6666109561920166,109.46376037597656,1054,dyadic_leader
Sphere (3),2,366.673583984375,-0.729471743106842,109.46531677246094,1054,dyadic_leader
PhoneCollider,1,366.641357421875,-0.6664314270019531,109.46343994140624,1054,dyadic_leader
Sphere (3),2,366.6735534667969,-0.7293062806129456,109.46509552001952,1054,dyadic_leader
PhoneCollider,1,366.641357421875,-0.6662580966949463,109.46310424804688,1054,dyadic_leader
Sphere (3),2,366.6735229492188,-0.7292519807815552,109.46480560302734,1054,dyadic_leader
PhoneCollider,1,366.641357421875,-0.6661933660507202,109.4626693725586,1054,dyadic_leader
Sphere (3),2,366.6734619140625,-0.7291033267974854,109.46453857421876,1054,dyadic_leader
PhoneCollider,1,366.641357421875,-0.6660300493240356,109.46224212646484,1054,dyadic_leader
Sphere (3),2,366.6733703613281,-0.7288935780525208,109.46424865722656,1054,dyadic_leader
PhoneCollider,1,366.6412658691406,-0.665807843208313,109.46177673339844,1054,dyadic_leader
Sphere (3),2,366.6732177734375,-0.7286662459373474,109.4639663696289,1054,dyadic_leader
PhoneCollider,1,366.6410217285156,-0.665207028388977,109.46089935302734,1054,dyadic_leader
Sphere (3),2,366.6728515625,-0.7280857563018799,109.4634017944336,1054,dyadic_leader
PhoneCollider,1,366.64093017578125,-0.664931058883667,109.4604949951172,1054,dyadic_leader
Sphere (3),2,366.672607421875,-0.7279567122459412,109.4631576538086,1054,dyadic_leader
PhoneCollider,1,366.6407775878906,-0.6647700071334839,109.46011352539062,1054,dyadic_leader
Sphere (3),2,366.6723937988281,-0.7278327941894531,109.4629364013672,1054,dyadic_leader
PhoneCollider,1,366.64056396484375,-0.6645522117614746,109.45936584472656,1054,dyadic_leader
Sphere (2),2,366.6583251953125,-0.6955068707466125,109.4781723022461,1054,dyadic_leader
PhoneCollider,1,366.64013671875,-0.6646558046340942,109.458740234375,1054,dyadic_leader
Sphere (2),2,366.6577453613281,-0.6957482695579529,109.47787475585938,1054,dyadic_leader
PhoneCollider,1,366.6398315429688,-0.6648910045623779,109.45848083496094,1054,dyadic_leader
PhoneCollider,1,366.6394348144531,-0.6653709411621094,109.45816040039062,1054,dyadic_leader
finger_index_1_r,2,366.61126708984375,-0.6650091409683228,109.48902893066406,1054,dyadic_leader
PhoneCollider,1,366.6389465332031,-0.6660077571868896,109.45790100097656,1054,dyadic_leader
Building_71,1,310.7568664550781,5.20828914642334,130.30659484863278,1054,dyadic_leader
Building_72,2,302.9535217285156,4.856257915496826,135.18194580078122,1054,dyadic_leader
Lamppost_v1 (46),1,328.7894287109375,2.632252693176269,124.706298828125,1054,dyadic_leader
Garage_71,1,318.4287109375,-0.3404683470726013,121.97013092041016,1054,dyadic_leader
Building_68,1,344.644287109375,-0.039331138134002686,112.04071807861328,1054,dyadic_leader
Garage_86,2,336.9690856933594,-0.6206331253051758,109.85958862304688,1054,dyadic_leader
Wall_1,1,265.49295043945307,-0.4813730120658874,78.42586517333984,1054,dyadic_leader
Building_82,2,285.2325134277344,5.220550537109375,88.42059326171875,1054,dyadic_leader
Female_063_NoHands,1,365.3438720703125,-0.8036983013153076,108.5098648071289,1054,dyadic_leader
Building_81,2,303.0943603515625,5.55424690246582,86.8169174194336,1054,dyadic_leader
Female_063_NoHands,1,365.34375,-0.8036990761756897,108.50975036621094,1054,dyadic_leader
Female_063_NoHands,1,365.3436279296875,-0.8036987781524658,108.50963592529295,1054,dyadic_leader
Female_063_NoHands,1,365.343505859375,-0.8036978244781494,108.509521484375,1054,dyadic_leader
Female_063_NoHands,1,365.3433837890625,-0.8036980628967285,108.50938415527344,1054,dyadic_leader
Female_063_NoHands,1,365.3433227539063,-0.8036982417106628,108.50933837890624,1054,dyadic_leader
Female_063_NoHands,1,365.34326171875,-0.8036974668502808,108.50929260253906,1054,dyadic_leader
Female_063_NoHands,1,365.34320068359375,-0.8036980032920837,108.50924682617188,1054,dyadic_leader
Female_063_NoHands,1,365.3431701660156,-0.8036980628967285,108.50922393798828,1054,dyadic_leader
Female_063_NoHands,1,365.3431091308594,-0.8036980032920837,108.50918579101562,1054,dyadic_leader
Female_063_NoHands,1,365.3430480957031,-0.8036981225013733,108.50916290283205,1054,dyadic_leader
TaskBuilding_15,1,262.04397583007807,4.736551761627197,21.332172393798828,1054,dyadic_leader
CollisionObject2,2,237.6357269287109,11.230047225952148,0.7048029899597168,1054,dyadic_leader
CollisionObject1,1,348.9991455078125,4.67569637298584,87.19551086425781,1054,dyadic_leader
CollisionObject1,2,321.12945556640625,4.947774887084961,64.66244506835939,1054,dyadic_leader
CollisionObject1,2,310.4539794921875,5.148963928222656,37.91061782836914,1054,dyadic_leader
CollisionObject0,2,348.9263610839844,2.5435593128204346,87.01116180419922,1054,dyadic_leader
Building_83,2,289.29876708984375,6.042788028717041,10.889179229736328,1054,dyadic_leader
CollisionObject0,1,323.7774353027344,2.911820650100708,47.461647033691406,1054,dyadic_leader
Wall_1,2,292.88763427734375,-0.3016362190246582,22.718833923339844,1054,dyadic_leader
road_housing_suburb.003,1,266.6085205078125,-1.2972381114959717,63.71354675292969,1054,dyadic_leader
terrain_H.001,1,280.98477172851557,-1.6675201654434204,59.273353576660156,1054,dyadic_leader
DestinationTriggerZoneA6,2,266.2704467773437,-1.217205047607422,-29.470123291015625,1054,dyadic_leader
Fence,1,372.6517333984375,-1.9657940864562988,107.57350158691406,1054,dyadic_leader
Building_63,2,358.5458068847656,2.594700813293457,134.97830200195312,1054,dyadic_leader
Building_62,2,364.9214782714844,3.7930407524108887,131.42289733886722,1054,dyadic_leader
DestinationTriggerZoneA7,1,368.81829833984375,-1.7903547286987305,112.61322021484376,1054,dyadic_leader
Female_063_NoHands,1,358.45452880859375,-0.5433402061462402,96.3458251953125,1054,dyadic_leader
Female_063_NoHands,1,358.4284362792969,-0.542803168296814,96.29706573486328,1054,dyadic_leader
Female_063_NoHands,1,358.376220703125,-0.5417293310165405,96.1995620727539,1054,dyadic_leader
Female_063_NoHands,1,358.3501281738281,-0.5411922931671143,96.15080261230469,1054,dyadic_leader
Female_063_NoHands,1,358.3240051269531,-0.5406558513641357,96.10205078125,1054,dyadic_leader
Female_063_NoHands,1,358.29791259765625,-0.5401195287704468,96.05329132080078,1054,dyadic_leader
Female_063_NoHands,1,358.27117919921875,-0.5396419763565063,96.00460815429688,1054,dyadic_leader
Female_063_NoHands,1,358.24444580078125,-0.539164662361145,95.95592498779295,1054,dyadic_leader
Female_063_NoHands,1,358.19097900390625,-0.5382097959518433,95.85855865478516,1054,dyadic_leader
Female_063_NoHands,1,358.16424560546875,-0.5377323627471924,95.80987548828124,1054,dyadic_leader
Female_063_NoHands,1,358.11077880859375,-0.5367767810821533,95.71250915527344,1054,dyadic_leader
Female_063_NoHands,1,358.0573425292969,-0.5358229875564575,95.6151351928711,1054,dyadic_leader
Female_063_NoHands,1,358.0340270996094,-0.5357681512832642,95.57266998291016,1054,dyadic_leader
Female_063_NoHands,1,358.0107116699219,-0.5357135534286499,95.53019714355469,1054,dyadic_leader
Female_063_NoHands,1,357.9990539550781,-0.5356867313385011,95.50895690917969,1054,dyadic_leader
Female_063_NoHands,1,357.97576904296875,-0.5356316566467285,95.46647644042969,1054,dyadic_leader
Female_063_NoHands,1,357.9641418457031,-0.5356042385101318,95.44523620605469,1054,dyadic_leader
Female_063_NoHands,1,357.9517822265625,-0.5355744361877441,95.42241668701172,1054,dyadic_leader
Female_063_NoHands,1,357.8777770996094,-0.5325380563735962,95.32087707519531,1054,dyadic_leader
Female_063_NoHands,1,357.85491943359375,-0.5315327644348145,95.29126739501952,1054,dyadic_leader
Female_063_NoHands,1,357.843505859375,-0.5310295820236206,95.27645874023438,1054,dyadic_leader
Female_063_NoHands,1,357.78118896484375,-0.5298405885696411,95.18893432617188,1054,dyadic_leader
Female_063_NoHands,1,357.7188720703125,-0.5286509990692139,95.10140991210938,1054,dyadic_leader
Female_063_NoHands,1,357.687744140625,-0.5280553102493286,95.05764770507812,1054,dyadic_leader
Female_063_NoHands,1,357.6254577636719,-0.5268661975860596,94.97012329101562,1054,dyadic_leader
Female_063_NoHands,1,357.59429931640625,-0.5262713432312012,94.92636108398438,1054,dyadic_leader
Female_063_NoHands,1,357.5320739746094,-0.5253628492355347,94.8367691040039,1054,dyadic_leader
Female_063_NoHands,1,357.5009765625,-0.5250492095947266,94.79093933105469,1054,dyadic_leader
Female_063_NoHands,1,357.4698791503906,-0.5247350931167603,94.74510955810548,1054,dyadic_leader
Female_063_NoHands,1,357.43878173828125,-0.5244214534759521,94.69928741455078,1054,dyadic_leader
Female_063_NoHands,1,357.3765869140625,-0.5237941741943359,94.6076431274414,1054,dyadic_leader
Female_063_NoHands,1,357.31439208984375,-0.5231662988662721,94.51599884033205,1054,dyadic_leader
Female_063_NoHands,1,357.2832946777344,-0.5228531360626221,94.47017669677734,1054,dyadic_leader
Female_063_NoHands,1,357.2546691894531,-0.5225003957748413,94.42257690429688,1054,dyadic_leader
Female_063_NoHands,1,357.2260437011719,-0.5221482515335083,94.3749771118164,1054,dyadic_leader
Female_063_NoHands,1,357.1687927246094,-0.5214431285858154,94.27977752685548,1054,dyadic_leader
Female_063_NoHands,1,357.1115417480469,-0.5207387208938599,94.18457794189452,1054,dyadic_leader
Female_063_NoHands,1,357.0542907714844,-0.5200338363647461,94.0893783569336,1054,dyadic_leader
Female_063_NoHands,1,356.9997863769531,-0.5193581581115723,93.99248504638672,1054,dyadic_leader
Female_063_NoHands,1,356.9480895996094,-0.5187082290649414,93.89388275146484,1054,dyadic_leader
Female_063_NoHands,1,356.8963928222656,-0.5180580615997314,93.79528045654295,1054,dyadic_leader
Female_063_NoHands,1,356.8446960449219,-0.5174088478088379,93.6966781616211,1054,dyadic_leader
Female_063_NoHands,1,356.7929992675781,-0.5167592763900757,93.59807586669922,1054,dyadic_leader
Female_063_NoHands,1,356.7495422363281,-0.5157166719436646,93.4954605102539,1054,dyadic_leader
Female_063_NoHands,1,356.7060852050781,-0.5146739482879639,93.3928451538086,1054,dyadic_leader
Female_063_NoHands,1,356.6843566894531,-0.5141515731811523,93.34153747558594,1054,dyadic_leader
Female_063_NoHands,1,356.6408996582031,-0.5131075382232666,93.23892211914062,1054,dyadic_leader
Female_063_NoHands,1,356.6191711425781,-0.5125859975814819,93.18761444091795,1054,dyadic_leader
Female_063_NoHands,1,356.5974426269531,-0.5120643377304077,93.13630676269531,1054,dyadic_leader
House_10,2,339.5447082519531,5.255099296569824,163.68231201171875,1054,dyadic_leader
Fence_37,1,307.939208984375,-0.888644814491272,60.24549865722656,1054,dyadic_leader
road_housing_suburb.004,2,315.7810363769531,-1.0867663621902466,62.53373718261719,1054,dyadic_leader
body,2,270.08599853515625,-0.3581256866455078,31.11554336547852,1054,dyadic_leader
CollisionObject1,1,276.60595703125,5.18435001373291,19.488513946533203,1054,dyadic_leader
CollisionObject0,2,276.53317260742193,3.052212953567505,19.304161071777344,1054,dyadic_leader
Body,1,295.56549072265625,-0.07060909271240234,39.25166320800781,1054,dyadic_leader
Wheel01,2,297.3385314941406,-0.8111236095428467,39.00960540771485,1054,dyadic_leader
Wheel02,2,270.66165161132807,-0.8417232036590576,29.79246711730957,1054,dyadic_leader
Wheel01,2,269.22445678710943,-0.8417229652404785,29.95809364318848,1054,dyadic_leader
Building_88,2,224.9565887451172,4.701640129089356,11.138431549072266,1054,dyadic_leader
CollisionObject1,2,244.187744140625,5.129941940307617,21.76901626586914,1054,dyadic_leader
Wall_0,2,241.942626953125,-0.4202077388763428,41.1836166381836,1054,dyadic_leader
TaskBuilding_1,2,255.1968078613281,4.1294898986816415,-19.178939819335934,1054,dyadic_leader
CollisionObject0,2,310.3811950683594,3.0168273448944087,37.72626495361328,1054,dyadic_leader
CollisionObject1,2,228.78775024414062,4.093212127685547,-96.33098602294922,1054,dyadic_leader
church,2,280.18487548828125,19.870624542236328,-90.92623138427734,1054,dyadic_leader
SmallWall_28,2,284.86199951171875,-1.3528172969818115,-33.289100646972656,1054,dyadic_leader
SmallWall_5,2,313.1050720214844,-0.7998525500297546,13.936810493469238,1054,dyadic_leader
CollisionObject1,2,292.0010986328125,4.093212127685547,-39.68011093139648,1054,dyadic_leader
Lamppost_v1 (116),2,298.2298889160156,3.3722527027130127,-21.41702461242676,1054,dyadic_leader
CollisionObject1,1,323.8502197265625,5.043957710266113,47.64599990844727,1054,dyadic_leader
CollisionObject0,2,291.9283142089844,1.9610753059387207,-39.86446380615234,1054,dyadic_leader
CollisionObject2,2,219.84571838378903,6.940047264099121,-191.2351837158203,1054,dyadic_leader
Building_136,2,145.62367248535156,0.4645748138427734,-313.5533142089844,1054,dyadic_leader
Lamppost_v1 (51),2,304.1179504394531,3.4208810329437256,2.586479663848877,1054,dyadic_leader
terrain_Y.001,2,425.179931640625,9.435623168945312,-617.5549926757812,1054,dyadic_leader
CollisionObject1,1,318.87841796875,4.152724266052246,-17.327953338623047,1054,dyadic_leader
CollisionObject0,2,318.8056335449219,2.020587921142578,-17.512306213378903,1054,dyadic_leader
Building_67,1,332.99884033203125,3.0261034965515137,34.34879684448242,1054,dyadic_leader
terrain_A.001,2,632.61083984375,12.369524002075195,-65.83132934570311,1054,dyadic_leader
pavement_A.002,1,402.625244140625,-3.962271928787232,-43.27151489257813,1054,dyadic_leader
Wheel04,1,269.52099609375,-0.8417215347290039,32.53105926513672,1054,dyadic_leader
CollisionObject0,2,244.11495971679688,2.99780535697937,21.58466339111328,1054,dyadic_leader
road_base_network.004,2,39.25787353515625,-4.40830135345459,51.76885986328125,1054,dyadic_leader
CollisionObject1,1,302.5287780761719,4.2523279190063485,-28.907634735107425,1054,dyadic_leader
CollisionObject1,2,300.6907958984375,2.6319804191589355,-72.16865539550781,1054,dyadic_leader
CollisionObject1,2,274.30923461914057,5.111138343811035,-8.612392425537111,1054,dyadic_leader
CollisionObject1,2,254.7545623779297,4.778772354125977,0.7672003507614136,1054,dyadic_leader
Building_117,2,162.06591796875,6.1245670318603525,-62.54539108276367,1054,dyadic_leader
Building_84,1,234.78271484375,4.476346015930176,40.60113525390625,1054,dyadic_leader
Building_110,2,137.79450988769528,10.273689270019533,-6.6610355377197275,1054,dyadic_leader
CollisionObject0,2,266.08917236328125,3.0291843414306636,46.08055877685547,1054,dyadic_leader
CollisionObject0,2,225.2149658203125,3.055581331253052,30.884662628173828,1054,dyadic_leader
CollisionObject1,2,266.16195678710943,5.161320686340332,46.26491165161133,1054,dyadic_leader
Building_86,2,188.41261291503903,5.888459205627441,44.681636810302734,1054,dyadic_leader
Graffity_26,2,89.26557922363281,3.429668426513672,36.308536529541016,1054,dyadic_leader
TaskBuilding_26,2,86.7345199584961,5.826373100280763,43.92089080810547,1054,dyadic_leader
CollisionObject1,2,130.62774658203122,6.498772621154785,44.41901779174805,1054,dyadic_leader
Building_85,1,211.22105407714844,6.507894515991211,54.94933319091797,1054,dyadic_leader
CollisionObject1,2,225.28775024414062,5.187718391418457,31.06901550292969,1054,dyadic_leader
Lamppost_v1 (4),2,171.3381805419922,3.8073825836181636,1.7787463665008545,1054,dyadic_leader
CollisionObject1,2,237.67774963378903,4.778772354125977,0.809016227722168,1054,dyadic_leader
CollisionObject1,2,217.84222412109372,4.495147705078125,-49.48492050170898,1054,dyadic_leader
OldCityWall_13,2,352.8800048828125,-0.4289045333862305,-0.6371078491210938,1054,dyadic_leader
CollisionObject0,2,209.44212341308597,0.9866356849670409,-99.16104888916016,1054,dyadic_leader
Body,1,290.6499938964844,-0.3042535483837128,-4.451000213623047,1054,dyadic_leader
Body,1,298.818359375,-0.5191082954406738,4.130929946899413,1054,dyadic_leader
body,2,292.6813659667969,-0.5473213195800781,-2.6763572692871094,1054,dyadic_leader
pavement_Ha.003,2,296.2143249511719,-1.17388117313385,1.865274429321289,1054,dyadic_leader
CollisionObject1,2,233.18214416503903,4.645750999450684,-44.36494064331055,1054,dyadic_leader
CollisionObject1,2,158.7655029296875,3.378772258758545,-91.38493347167969,1054,dyadic_leader
Building_131,2,90.71190643310548,4.771505355834961,-156.75868225097656,1054,dyadic_leader
pavement_J.002,2,50.82082748413086,-5.469231128692627,-174.4446258544922,1054,dyadic_leader
CollisionObject2,1,300.6488037109375,9.083255767822266,-72.27286529541016,1054,dyadic_leader
GrayRoom,2,192.6000061035156,-166.0,103.5,1054,dyadic_leader
Building_120,2,172.78074645996094,1.6393251419067385,-75.24404907226562,1054,dyadic_leader
pavement_I.003,2,118.09475708007812,-2.776375770568848,-49.1189079284668,1054,dyadic_leader
Building_121,2,167.8104705810547,1.686811447143555,-80.77600860595703,1054,dyadic_leader
SmallWall_46,2,216.28240966796875,-1.2584773302078247,-40.51687240600586,1054,dyadic_leader
Building_115,2,187.2732086181641,2.8868401050567627,-41.89679336547852,1054,dyadic_leader
Building_115,2,188.54080200195312,2.8868408203125,-43.597206115722656,1054,dyadic_leader
SmallWall_13,1,275.85049438476557,-0.9276606440544128,-13.581460952758787,1054,dyadic_leader
Lamppost_v1 (52),2,274.0179443359375,3.3708815574646,-20.013521194458008,1054,dyadic_leader
Concrete_fence_v2_lattice_S,2,189.9302215576172,-0.8109999895095825,-45.0586051940918,1054,dyadic_leader
CollisionObject1,2,225.0989532470703,5.016095161437988,-26.40279769897461,1054,dyadic_leader
TaskBuilding_17,2,173.58604431152344,3.637027263641357,-13.596824645996096,1054,dyadic_leader
CollisionObject1,2,201.73199462890625,5.401093482971191,-5.543560028076172,1054,dyadic_leader
CollisionObject0,1,274.2364501953125,2.9790010452270512,-8.796745300292969,1054,dyadic_leader
CollisionObject0,2,201.6592102050781,3.268956184387207,-5.727912902832031,1054,dyadic_leader
CollisionObject0,1,254.5890655517578,2.646635770797729,0.6581593155860901,1054,dyadic_leader
SmallWall_23,2,210.0729217529297,-0.3507347702980041,11.544568061828613,1054,dyadic_leader
Concrete_fence_v2_S,2,180.88999938964844,-0.3902541399002075,14.489995956420898,1054,dyadic_leader
Concrete_fence_v2_lattice_S,2,180.8897857666016,0.8894833326339722,14.48859977722168,1054,dyadic_leader
Building_113,2,162.10000610351562,2.582098960876465,-28.79999923706055,1054,dyadic_leader
SmallWall_25,2,233.6879730224609,-0.6119323968887329,-7.971109390258789,1054,dyadic_leader
Wall,2,177.2023162841797,-0.00021964311599731443,69.78749084472656,1054,dyadic_leader
Broadleaf_Mobile (1),2,225.3000030517578,-1.5110540390014648,30.79999923706055,1054,dyadic_leader
DestinationTriggerZoneA5,2,30.40196228027344,-0.15498733520507812,171.53179931640625,1054,dyadic_leader
Broadleaf_Mobile,2,244.1999969482422,-1.568830490112305,21.5,1054,dyadic_leader
Lamppost_v1 (124),1,145.1705780029297,0.8922529220581055,-110.51368713378906,1054,dyadic_leader
SmallWall_16,2,55.21508026123047,-3.9832205772399902,-145.34054565429688,1054,dyadic_leader
CollisionObject1,1,67.92754364013672,1.3614449501037598,-155.85507202148438,1054,dyadic_leader
Building_133,2,58.28839111328125,1.172565460205078,-170.80441284179688,1054,dyadic_leader
CollisionObject1,1,13.136272430419922,-0.07630109786987305,-181.9429931640625,1054,dyadic_leader
CollisionObject1,2,-58.46614456176758,1.8687725067138672,-224.03895568847656,1054,dyadic_leader
CollisionObject2,1,13.10238265991211,5.127748966217041,-182.02706909179688,1054,dyadic_leader
CollisionObject1,2,120.00550842285156,2.186508178710937,-112.39493560791016,1054,dyadic_leader
Building_119,2,178.46682739257812,2.83766508102417,-70.6659927368164,1054,dyadic_leader
TaskBuilding_20,2,184.40614318847656,4.157533645629884,-67.14161682128906,1054,dyadic_leader
SmallWall_14,2,195.7752685546875,-1.827713251113892,-63.74822235107422,1054,dyadic_leader
Concrete_fence_v2_S,2,195.2700042724609,-2.090317249298096,-62.18000030517578,1054,dyadic_leader
Complete_fence.003,2,120.59829711914062,-2.855519294738769,-100.8790283203125,1054,dyadic_leader
CollisionObject0,2,119.80829620361328,0.05437135696411133,-112.37511444091795,1054,dyadic_leader
terrain_I.001,2,118.70455932617188,-3.010863304138184,-48.26913070678711,1054,dyadic_leader
CollisionObject0,2,158.56829833984375,1.2466354370117188,-91.3651123046875,1054,dyadic_leader
Building_132,1,76.27300262451172,1.1725621223449707,-163.11209106445312,1054,dyadic_leader
OldCityWall_16,1,209.23341369628903,-1.4090948104858398,-90.5393524169922,1054,dyadic_leader
Lamppost_v1 (113),2,176.49073791503906,1.2922526597976685,-104.60810089111328,1054,dyadic_leader
body,2,184.86460876464844,-2.604048252105713,-95.69631958007812,1054,dyadic_leader
Body,2,180.7899932861328,-2.3812596797943115,-99.16000366210938,1054,dyadic_leader
Fence_6,2,100.999267578125,-5.663980007171631,-216.1789093017578,1054,dyadic_leader
terrain_J.001,2,50.599586486816406,-5.527702331542969,-175.36643981933594,1054,dyadic_leader
CollisionObject0,1,67.85475921630861,-0.7706918716430664,-156.03941345214844,1054,dyadic_leader
CollisionObject0,2,140.17829895019528,0.05437135696411133,-97.52510833740234,1054,dyadic_leader
pavement_L.002,2,-54.55785369873047,-4.447466850280762,-210.73577880859372,1054,dyadic_leader
Lamppost_v1 (114),1,203.99073791503903,1.9422529935836792,-80.10810089111328,1054,dyadic_leader
body,1,188.9804534912109,-2.480048179626465,-92.18621826171876,1054,dyadic_leader
Wheel01,2,190.4004669189453,-2.9636445045471187,-91.9303741455078,1054,dyadic_leader
Concrete_fence_v2_lattice_S,1,195.26861572265625,-0.8105797767639159,-62.179771423339844,1054,dyadic_leader
Graffity_01,2,253.0873870849609,0.8983516097068787,-32.565502166748054,1054,dyadic_leader
CollisionObject0,1,233.1093597412109,2.5136139392852783,-44.549293518066406,1054,dyadic_leader
Body,2,145.1103057861328,-3.735973358154297,-129.98976135253906,1054,dyadic_leader
Building_125,2,178.17999267578125,1.3929910659790041,-126.12000274658205,1054,dyadic_leader
Lamppost_v1 (115),1,256.87368774414057,2.9422531127929688,-51.19946670532226,1054,dyadic_leader
TaskBuilding_21,2,151.5404815673828,3.660477638244629,-144.7864227294922,1054,dyadic_leader
Hedge_0,1,147.73904418945312,-4.614734649658203,-170.5223846435547,1054,dyadic_leader
Building_135,2,115.2725601196289,4.336860656738281,-211.79962158203125,1054,dyadic_leader
CollisionObject0,1,228.7149658203125,1.9610753059387207,-96.5153350830078,1054,dyadic_leader
Broadleaf_Mobile (35),2,228.8000030517578,-2.605560302734375,-96.5999984741211,1054,dyadic_leader
Building_130,2,190.1479949951172,-0.7394824028015137,-185.91249084472656,1054,dyadic_leader
CollisionObject1,1,187.9877471923828,0.8387722969055176,-176.33099365234375,1054,dyadic_leader
OldCityWall_8,2,136.80448913574222,-5.431550025939941,-314.55767822265625,1054,dyadic_leader
CollisionObject1,2,154.26080322265625,0.1933588981628418,-225.23231506347656,1054,dyadic_leader
CollisionObject0,2,187.9149627685547,-1.2933645248413086,-176.5153350830078,1054,dyadic_leader
CollisionObject1,2,220.08775329589844,4.093212127685547,-140.33099365234378,1054,dyadic_leader
CollisionObject1,2,209.58775329589844,2.32877254486084,-164.33099365234375,1054,dyadic_leader
CollisionObject0,2,226.2515869140625,1.9610753059387207,-123.09019470214844,1054,dyadic_leader
Broadleaf_Mobile (40),2,226.3000030517578,-2.605560302734375,-123.1999969482422,1054,dyadic_leader
Wheel02,2,189.46490478515625,-2.9636445045471187,-90.82704162597656,1054,dyadic_leader
CollisionObject1,1,209.39434814453125,3.1187725067138667,-98.96868896484376,1054,dyadic_leader
CollisionObject1,2,85.65656280517578,-0.0007429122924804688,-251.82704162597656,1054,dyadic_leader
CollisionObject1,2,78.14676666259766,0.0590810775756836,-272.23764038085943,1054,dyadic_leader
OldCityWall_22,1,70.86619567871094,-5.007516384124756,-286.45428466796875,1054,dyadic_leader
CollisionObject0,2,68.76636505126953,-1.9978175163269043,-288.3292236328125,1054,dyadic_leader
CollisionObject1,1,68.83914947509766,0.13431930541992188,-288.1448669433594,1054,dyadic_leader
CollisionObject1,2,57.31891632080078,0.2282500267028809,-303.5029602050781,1054,dyadic_leader
CollisionObject0,2,78.07398223876953,-2.0730557441711426,-272.4219970703125,1054,dyadic_leader
CollisionObject0,2,57.246131896972656,-1.903886795043945,-303.68731689453125,1054,dyadic_leader
CollisionObject1,2,191.58775329589844,1.3987722396850586,-150.73098754882812,1054,dyadic_leader
CollisionObject1,1,186.7891082763672,-0.18606436252593994,-243.410888671875,1054,dyadic_leader
Lamppost_v1 (103),2,183.7943420410156,-1.6177473068237305,-254.5233612060547,1054,dyadic_leader
terrain_B.002,2,12.577606201171875,6.293670654296875,-616.4231567382812,1054,dyadic_leader
CollisionObject1,2,204.90924072265625,0.4252586364746094,-232.3152313232422,1054,dyadic_leader
Moss.003,2,215.9120330810547,-4.648045539855957,-283.2967224121094,1054,dyadic_leader
Euro_v2_market_v3,2,167.99598693847656,-1.8255267143249512,-127.61739349365234,1054,dyadic_leader
SmallWall_0,2,167.1670684814453,-4.879426956176758,-188.7427978515625,1054,dyadic_leader
Graffity_20,1,186.2593231201172,-1.9148635864257808,-71.87830352783203,1054,dyadic_leader
road_dense_housing.014,1,173.07827758789062,-2.76472806930542,-60.8584976196289,1054,dyadic_leader
Concrete_fence_v2_S,2,189.92999267578125,-2.0907373428344727,-45.05999755859375,1054,dyadic_leader
SmallWall_42,2,204.27484130859372,-0.8779116868972778,-14.755809783935547,1054,dyadic_leader
CollisionObject0,1,225.0261688232422,2.8839588165283203,-26.58715057373047,1054,dyadic_leader
terrain_E.001,2,-614.4737548828125,23.73345184326172,439.1232604980469,1054,dyadic_leader
Fence_4,1,148.11282348632812,-0.11662226915359496,88.02218627929688,1054,dyadic_leader
CollisionObject0,2,98.47027587890624,3.654859781265259,110.76178741455078,1054,dyadic_leader
Complete_fence.001,2,94.57025909423828,0.7745450735092163,103.1041488647461,1054,dyadic_leader
Concrete_fence_v2_S,1,170.75399780273438,-0.3907374739646912,28.16899681091309,1054,dyadic_leader
Concrete_fence_v2_S,2,167.3800048828125,-0.3927375078201294,32.729995727539055,1054,dyadic_leader
Concrete_fence_v2_S,1,174.13400268554688,-0.3907374739646912,23.608997344970703,1054,dyadic_leader
SmallWall_10,2,168.51878356933594,-0.21608760952949524,19.661880493164066,1054,dyadic_leader
Building_104,1,148.5027313232422,5.2815656661987305,50.124671936035156,1054,dyadic_leader
Building_97,2,104.72164154052734,6.155435562133789,62.48524856567383,1054,dyadic_leader
Building_105,2,137.68792724609378,7.259279251098633,33.32058334350586,1054,dyadic_leader
Building_107,1,121.65188598632812,4.01520586013794,19.826684951782227,1054,dyadic_leader
Graffity_30,2,38.900428771972656,2.839862823486328,59.90246963500977,1054,dyadic_leader
Lamppost_v1 (7),1,192.1059417724609,3.1428313255310063,-30.12358474731445,1054,dyadic_leader
Building_111,2,115.18063354492188,4.248273849487306,-17.338024139404293,1054,dyadic_leader
Building_112,2,122.61356353759766,4.277027606964111,-25.33293151855469,1054,dyadic_leader
Fence_4,2,180.159912109375,-0.9335973262786864,-11.434436798095705,1054,dyadic_leader
CollisionObject0,1,217.7694396972656,2.363010883331299,-49.66927337646485,1054,dyadic_leader
Concrete_fence_v2_lattice_S,1,196.5582275390625,-0.8109999895095825,-54.25960540771485,1054,dyadic_leader
Building_116,2,175.1208038330078,2.8868408203125,-53.597206115722656,1054,dyadic_leader
Concrete_fence_v2_lattice_S,1,190.66860961914062,-0.8105797767639159,-65.49977111816406,1054,dyadic_leader
Lamppost_v1 (123),1,179.23928833007812,1.862252712249756,-78.06192779541016,1054,dyadic_leader
CollisionObject1,1,90.2524185180664,0.9162306785583496,-170.68121337890625,1054,dyadic_leader
CollisionObject1,2,34.1654052734375,0.5961575508117676,-211.5279998779297,1054,dyadic_leader
CollisionObject1,2,73.49410247802734,0.4704837799072266,-196.96966552734372,1054,dyadic_leader
OldCityWall_1,2,13.733055114746096,-4.595319747924805,-241.23159790039062,1054,dyadic_leader
Wheel03,2,183.36489868164062,-3.0876448154449463,-95.96798706054688,1054,dyadic_leader
Wheel03,2,187.4895172119141,-2.9636447429656982,-92.50204467773438,1054,dyadic_leader
Wheel02,2,185.3889923095703,-3.0876445770263667,-94.35208129882812,1054,dyadic_leader
Wheel01,2,182.5392303466797,-3.1217741966247563,-98.78254699707031,1054,dyadic_leader
CollisionObject1,2,139.93501281738278,0.25803184509277344,-212.77783203125,1054,dyadic_leader
CollisionObject1,1,204.3725128173828,2.7687721252441406,-124.54730224609376,1054,dyadic_leader
CollisionObject0,2,204.21669006347656,0.6366357803344727,-124.66978454589844,1054,dyadic_leader
CollisionObject0,2,209.5149688720703,0.19663572311401367,-164.5153350830078,1054,dyadic_leader
CollisionObject1,1,219.8877410888672,0.4887723922729492,-191.1309814453125,1054,dyadic_leader
CollisionObject0,2,219.81495666503903,-1.643364429473877,-191.31532287597656,1054,dyadic_leader
CollisionObject1,1,240.3877410888672,0.4887723922729492,-191.33099365234372,1054,dyadic_leader
CollisionObject0,2,240.31495666503903,-1.643364429473877,-191.5153350830078,1054,dyadic_leader
pileOfClay_LOD0,2,224.84934997558597,-4.3705878257751465,-303.84686279296875,1054,dyadic_leader
CollisionObject1,1,224.87684631347656,0.3254637718200684,-262.4252319335937,1054,dyadic_leader
Broadleaf_Mobile (17),2,224.88909912109372,-6.3733086585998535,-262.69424438476557,1054,dyadic_leader
CollisionObject0,2,224.80406188964844,-1.8066730499267576,-262.60958862304693,1054,dyadic_leader
pileOfClay_LOD0,2,215.50238037109372,-4.524590969085693,-301.35693359375,1054,dyadic_leader
Lamppost_v1 (104),1,214.0642547607422,-1.4277472496032717,-279.839111328125,1054,dyadic_leader
CollisionObject1,2,212.27159118652344,0.3681144714355469,-245.68832397460938,1054,dyadic_leader
CollisionObject0,2,204.8364562988281,-1.7068781852722168,-232.49957275390625,1054,dyadic_leader
road_dense_housing.008,2,133.42510986328122,-2.081951856613159,-29.20034027099609,1054,dyadic_leader
Concrete_fence_v2_lattice_S,1,193.24322509765625,-0.8109999895095825,-49.6566047668457,1054,dyadic_leader
Concrete_fence_v2_lattice_S,2,163.64959716796875,0.09700000286102296,-16.31479263305664,1054,dyadic_leader
Hedge,2,207.4498291015625,-2.4311084747314453,-19.33753967285156,1054,dyadic_leader
Lamppost_v1 (8),1,214.5962371826172,3.142252922058105,-33.171714782714844,1054,dyadic_leader
Concrete_fence_v2_lattice_S,1,146.05859375,1.0919978618621826,42.56014633178711,1054,dyadic_leader
scaffold_base_02_LOD0,2,127.8047332763672,0.8082894682884216,66.43611145019531,1054,dyadic_leader
scaffold_base_02_LOD0,1,127.8047332763672,3.433435440063477,66.43611145019531,1054,dyadic_leader
CollisionObject1,2,104.6912612915039,5.912774085998535,93.33758544921876,1054,dyadic_leader
body,2,180.99557495117188,-0.6470479965209961,-13.653888702392578,1054,dyadic_leader
CollisionObject0,2,184.6349639892578,3.268956184387207,-19.235336303710934,1054,dyadic_leader
Body,2,179.75999450683594,-0.5458817481994629,-11.490001678466795,1054,dyadic_leader
Body,2,152.77000427246094,-0.20808982849121094,7.25,1054,dyadic_leader
TaskBuilding_3,2,133.01303100585938,7.4029541015625,28.84263801574707,1054,dyadic_leader
Concrete_fence_v2_lattice_S,2,168.20860290527344,0.0971454381942749,-12.939790725708008,1054,dyadic_leader
GrayRoom2,2,342.6000061035156,-166.0,103.5,1054,dyadic_leader
CollisionObject1,2,88.3790054321289,0.5319538116455078,-191.5976104736328,1054,dyadic_leader
Body,1,127.33999633789062,-4.278199195861816,-151.91000366210938,1054,dyadic_leader
CollisionObject0,2,73.42131805419922,-1.6616530418395996,-197.1540069580078,1054,dyadic_leader
CollisionObject1,2,48.97208023071289,0.5159645080566406,-204.3222961425781,1054,dyadic_leader
terrain_C.001,2,-491.456298828125,18.698455810546875,-597.8446044921875,1054,dyadic_leader
Building_228,2,49.59001541137695,0.14548206329345706,-247.80999755859372,1054,dyadic_leader
OldCityWall_17,2,-43.02141952514648,-3.2201290130615234,-263.38229370117193,1054,dyadic_leader
Lamppost_v1 (151),2,-17.641664505004886,-0.7277474403381348,-243.73095703125,1054,dyadic_leader
CollisionObject1,2,59.503211975097656,0.28064870834350586,-216.12098693847656,1054,dyadic_leader
SmallWall_33,2,132.60726928710938,-4.458806991577148,-149.97552490234375,1054,dyadic_leader
Building_127,2,140.87887573242188,3.893073081970215,-155.19805908203125,1054,dyadic_leader
Building_128,2,134.87091064453122,1.5423190593719482,-160.48095703125,1054,dyadic_leader
Building_126,2,147.27513122558594,3.9286832809448238,-150.3643035888672,1054,dyadic_leader
Graffity_21,2,149.38897705078125,-0.280029296875,-140.46467590332028,1054,dyadic_leader
pavement_K.002,1,102.15312957763672,-6.2238402366638175,-214.0947265625,1054,dyadic_leader
terrain_K.001,2,101.70543670654295,-6.2782301902771,-213.1582336425781,1054,dyadic_leader
pavement_X.002,2,-30.42763519287109,-3.1301469802856445,-104.6248779296875,1054,dyadic_leader
CollisionObject0,2,90.17963409423828,-1.2159061431884766,-170.8655548095703,1054,dyadic_leader
Wheel03,2,143.56492614746094,-4.239290714263916,-130.28672790527344,1054,dyadic_leader
Lamppost_v1 (111),1,119.38780212402344,-0.3577470779418945,-157.67791748046875,1054,dyadic_leader
Wheel04,2,145.62535095214844,-4.239290714263916,-128.57511901855472,1054,dyadic_leader
Lamppost_v1 (112),2,143.57891845703125,0.08225297927856445,-132.21170043945312,1054,dyadic_leader
Wheel02,2,144.5349884033203,-4.239290714263916,-131.4544677734375,1054,dyadic_leader
Wheel04,2,181.5205993652344,-3.1217741966247563,-97.52644348144531,1054,dyadic_leader
CollisionObject1,2,9.159592628479004,0.5961570739746094,-244.85304260253903,1054,dyadic_leader
Building_225,2,-90.99766540527344,1.4096784591674805,-266.19821166992193,1054,dyadic_leader
CollisionObject2,2,-58.5769157409668,8.320047378540039,-224.05780029296875,1054,dyadic_leader
TaskBuilding_37,2,-43.53242492675781,0.5041046142578125,-206.2279052734375,1054,dyadic_leader
CollisionObject1,2,-14.172256469726562,1.173283576965332,-172.75099182128906,1054,dyadic_leader
Body,2,-51.70455932617188,-2.9931881427764893,-185.58355712890625,1054,dyadic_leader
Building_123,2,80.66999816894531,-0.4421238899230957,-124.7699966430664,1054,dyadic_leader
Building_122,2,121.27025604248048,5.900312423706055,-75.8892822265625,1054,dyadic_leader
TaskBuilding_33,2,-6.148923397064209,4.344009399414063,-62.91694259643555,1054,dyadic_leader
CollisionObject1,2,13.474987983703613,4.091764450073241,-61.51781845092773,1054,dyadic_leader
CollisionObject1,2,41.06884765625,3.9345977306365967,-63.29700088500977,1054,dyadic_leader
CollisionObject1,2,8.87136459350586,4.091765403747559,-72.56803894042969,1054,dyadic_leader
CollisionObject1,2,140.37550354003906,2.186508178710937,-97.54492950439452,1054,dyadic_leader
CollisionObject0,2,88.32829284667969,0.05437135696411133,-113.0351104736328,1054,dyadic_leader
CollisionObject0,1,59.43042755126953,-1.8514881134033203,-216.30532836914062,1054,dyadic_leader
Building_134,2,104.45206451416016,1.0371165275573728,-206.9146423339844,1054,dyadic_leader
TaskBuilding_25,2,96.34375762939452,1.0421166419982908,-204.10931396484372,1054,dyadic_leader
Graffity_25,1,96.89389038085938,-1.972442626953125,-196.4159240722656,1054,dyadic_leader
CollisionObject1,2,79.75635528564453,0.1472187042236328,-219.9441375732422,1054,dyadic_leader
CollisionObject0,2,79.6835708618164,-1.9849181175231931,-220.12847900390625,1054,dyadic_leader
Lamppost_v1 (127),2,32.64142608642578,-0.13774728775024414,-159.20542907714844,1054,dyadic_leader
CollisionObject0,2,-25.25615692138672,0.09663581848144533,-182.91976928710938,1054,dyadic_leader
terrain_X.001,2,-30.849594116210934,-3.1856660842895512,-104.6392593383789,1054,dyadic_leader
Wall_0,2,-49.99292755126953,-3.694063663482666,-207.86947631835938,1054,dyadic_leader
CollisionObject1,2,72.09772491455078,2.186508655548096,-126.64705657958984,1054,dyadic_leader
CollisionObject1,2,88.52550506591797,2.186508178710937,-113.054931640625,1054,dyadic_leader
Complete_fence.004,2,54.27259826660156,-2.9633798599243164,-106.06013488769531,1054,dyadic_leader
Bench_v1,2,73.79000091552734,-2.77097225189209,-90.1999969482422,1054,dyadic_leader
CollisionObject1,2,59.1954116821289,2.0637097358703613,-134.91264343261722,1054,dyadic_leader
CollisionObject1,2,29.37970352172852,2.0032787322998047,-143.846435546875,1054,dyadic_leader
PhoneCollider,1,161.34695434570312,-2.489168882369995,-109.64163208007812,1054,dyadic_leader
finger_ring_2_r,2,161.3292236328125,-2.522048234939575,-109.68187713623048,1054,dyadic_leader
PhoneCollider,1,161.30673217773438,-2.4872384071350098,-109.67864990234376,1054,dyadic_leader
finger_ring_2_r,2,161.28993225097656,-2.5195627212524414,-109.71994018554688,1054,dyadic_leader
PhoneCollider,1,161.22708129882812,-2.4840569496154785,-109.75286865234376,1054,dyadic_leader
finger_ring_2_r,2,161.21168518066406,-2.5150139331817627,-109.79601287841795,1054,dyadic_leader
PhoneCollider,1,161.14715576171875,-2.481209754943848,-109.8270263671875,1054,dyadic_leader
finger_ring_1_r,2,161.1306610107422,-2.5281519889831543,-109.84895324707031,1054,dyadic_leader
PhoneCollider,1,161.10719299316406,-2.479944229125977,-109.86395263671876,1054,dyadic_leader
finger_ring_1_r,2,161.09112548828125,-2.526670217514038,-109.8869400024414,1054,dyadic_leader
PhoneCollider,1,161.0272216796875,-2.47762393951416,-109.93838500976562,1054,dyadic_leader
PhoneCollider,1,160.94732666015625,-2.4755783081054688,-110.012939453125,1054,dyadic_leader
PhoneCollider,1,160.90725708007812,-2.4747600555419917,-110.05047607421876,1054,dyadic_leader
finger_middle_1_r,2,160.86976623535156,-2.5072784423828125,-110.06855010986328,1054,dyadic_leader
PhoneCollider,1,160.86700439453125,-2.4740772247314453,-110.08807373046876,1054,dyadic_leader
PhoneCollider,1,160.82650756835938,-2.4734702110290527,-110.12570190429688,1054,dyadic_leader
PhoneCollider,1,160.78720092773438,-2.4728963375091557,-110.16229248046876,1054,dyadic_leader
finger_middle_1_r,2,160.75018310546875,-2.504925489425659,-110.18244934082031,1054,dyadic_leader
PhoneCollider,1,160.72341918945312,-2.4731411933898926,-110.2222900390625,1054,dyadic_leader
finger_middle_1_r,2,160.68646240234375,-2.504828929901123,-110.24317932128906,1054,dyadic_leader
PhoneCollider,1,160.67971801757812,-2.472860097885132,-110.263671875,1054,dyadic_leader
finger_middle_1_r,2,160.64288330078125,-2.504239559173584,-110.28509521484376,1054,dyadic_leader
PhoneCollider,1,160.64015197753906,-2.4725284576416016,-110.30056762695312,1054,dyadic_leader
finger_middle_1_r,2,160.6028289794922,-2.5040385723114014,-110.32235717773438,1054,dyadic_leader
PhoneCollider,1,160.5597686767578,-2.473125457763672,-110.37496948242188,1054,dyadic_leader
finger_middle_1_r,2,160.5225067138672,-2.504340410232544,-110.39745330810548,1054,dyadic_leader
PhoneCollider,1,160.47850036621094,-2.474508762359619,-110.45050048828124,1054,dyadic_leader
finger_middle_1_r,2,160.4405517578125,-2.5054802894592285,-110.47325134277344,1054,dyadic_leader
PhoneCollider,1,160.39842224121094,-2.4773845672607417,-110.5257568359375,1054,dyadic_leader
finger_middle_2_r,2,160.36019897460938,-2.484091520309448,-110.56978607177734,1054,dyadic_leader
PhoneCollider,1,160.31756591796875,-2.482602119445801,-110.60177612304688,1054,dyadic_leader
CollisionObject2,1,-27.63090705871582,8.680047988891603,-169.767578125,1054,dyadic_leader
Building_124,1,9.010000228881836,-0.18946075439453125,-150.55999755859375,1054,dyadic_leader
CollisionObject1,2,-27.74178695678711,2.2287726402282715,-169.7857666015625,1054,dyadic_leader
Building_224,2,-140.301513671875,4.815113067626953,-211.0452423095703,1054,dyadic_leader
Building_230,2,-73.4000015258789,0.10385632514953612,-181.0,1054,dyadic_leader
Lamppost_v1 (126),2,72.45143127441406,-0.01774740219116211,-139.03541564941406,1054,dyadic_leader
Building_138,2,-38.3696517944336,1.931509017944336,-167.06817626953125,1054,dyadic_leader
CollisionObject0,2,-27.54643630981445,0.09663581848144533,-169.7522735595703,1054,dyadic_leader
Building_231,2,-93.6878890991211,-0.1626826524734497,-200.5218811035156,1054,dyadic_leader
CollisionObject0,2,29.30691719055176,-0.12885808944702148,-144.03077697753906,1054,dyadic_leader
Building_137,2,-22.310470581054688,1.8142752647399905,-153.60475158691406,1054,dyadic_leader
Broadleaf_Mobile (5),2,29.39196014404297,-4.695493698120117,-144.11544799804688,1054,dyadic_leader
Bench_v1 (5),2,53.14797592163086,-4.393186569213866,-141.98861694335938,1054,dyadic_leader
Building_232,2,-103.883544921875,1.7444229125976562,-155.8984832763672,1054,dyadic_leader
road_green_area.006,2,-25.85146713256836,-4.419575214385986,-169.76007080078125,1054,dyadic_leader
body,1,-112.5091552734375,-2.0267128944396973,-222.9501495361328,1054,dyadic_leader
Garage_224,2,-119.06672668457031,-1.0277831554412842,-225.2666320800781,1054,dyadic_leader
CollisionObject0,1,88.30622100830078,-1.6001830101013184,-191.78195190429688,1054,dyadic_leader
DestinationTriggerZoneA8,2,45.72291564941406,-4.224761962890625,-130.25605773925778,1054,dyadic_leader
Lamppost_v1 (125),1,113.99230194091795,0.2322525978088379,-133.49053955078122,1054,dyadic_leader
road_playground.002,2,51.82545852661133,-3.900829076766968,-113.83185577392578,1054,dyadic_leader
TaskBuilding_36,2,-51.155738830566406,4.593470573425293,-142.6034393310547,1054,dyadic_leader
TaskBuilding_4,2,45.8657455444336,0.8871684074401855,-122.19831085205078,1054,dyadic_leader
Broadleaf_Mobile (186),2,-25.13615608215332,-4.46999979019165,-182.91932678222656,1054,dyadic_leader
Building_139,2,-68.97200012207031,4.2055749893188485,-137.1458740234375,1054,dyadic_leader
CollisionObject1,2,12.615657806396484,2.5854716300964355,-128.37687683105472,1054,dyadic_leader
Fence_3,2,33.15829849243164,-3.5522339344024663,-102.49188995361328,1054,dyadic_leader
Building_142,2,-28.920000076293945,1.3520984649658203,-122.44000244140624,1054,dyadic_leader
CollisionObject1,2,38.53867721557617,2.7562503814697266,-112.24662017822266,1054,dyadic_leader
CollisionObject1,1,51.40774154663086,2.941668033599853,-102.18098449707031,1054,dyadic_leader
CollisionObject1,2,28.786243438720703,3.22114372253418,-97.26165008544922,1054,dyadic_leader
Bench_v1 (2),2,45.29999923706055,-2.453186273574829,-74.31999969482422,1054,dyadic_leader
Fence_26,2,17.43255615234375,-1.8382890224456787,-63.10382080078125,1054,dyadic_leader
Building_152,2,-50.97449493408203,4.960152626037598,-40.93037033081055,1054,dyadic_leader
Building_141,1,-30.39999771118164,4.391777992248535,-82.76000213623047,1054,dyadic_leader
Fence_18,2,-66.31317138671875,-0.8084030151367188,-67.41629028320311,1054,dyadic_leader
CollisionObject0,2,51.33495712280274,0.8095312118530273,-102.3653335571289,1054,dyadic_leader
Building_143,1,-2.813784599304199,2.9178779125213623,-90.6837387084961,1054,dyadic_leader
scaffold_base_02_LOD0,2,-11.068827629089355,1.072582483291626,-80.2374496459961,1054,dyadic_leader
CollisionObject0,2,12.542871475219727,0.4533348083496094,-128.56121826171878,1054,dyadic_leader
PhoneCollider,1,119.69398498535156,-3.5097484588623047,-137.77294921875,1054,dyadic_leader
PhoneCollider,1,119.642333984375,-3.5012903213500977,-137.7926025390625,1054,dyadic_leader
finger_middle_2_r,2,119.59014892578124,-3.5166742801666264,-137.80204772949222,1054,dyadic_leader
PhoneCollider,1,119.59062957763672,-3.4936447143554688,-137.81198120117188,1054,dyadic_leader
finger_middle_2_r,2,119.53826141357422,-3.507808208465576,-137.82331848144528,1054,dyadic_leader
PhoneCollider,1,119.5387191772461,-3.4861538410186768,-137.83148193359378,1054,dyadic_leader
PhoneCollider,1,119.487548828125,-3.4790987968444824,-137.85049438476562,1054,dyadic_leader
finger_ring_1_r,2,119.46774291992188,-3.524019479751587,-137.85884094238278,1054,dyadic_leader
PhoneCollider,1,119.38417053222656,-3.4655802249908447,-137.88909912109378,1054,dyadic_leader
PhoneCollider,1,119.33268737792969,-3.4593791961669917,-137.90859985351562,1054,dyadic_leader
PhoneCollider,1,119.28112030029295,-3.4533324241638184,-137.92803955078122,1054,dyadic_leader
finger_pinky_1_r,2,119.27803802490234,-3.5139036178588867,-137.95704650878906,1054,dyadic_leader
PhoneCollider,1,119.17935943603516,-3.4417934417724614,-137.96542358398438,1054,dyadic_leader
Sphere (1),2,119.20055389404295,-3.491056203842163,-137.96365356445312,1054,dyadic_leader
PhoneCollider,1,119.07671356201172,-3.4318239688873287,-138.00299072265622,1054,dyadic_leader
finger_ring_1_r,2,119.0514678955078,-3.4745607376098637,-138.01885986328122,1054,dyadic_leader
PhoneCollider,1,118.97503662109376,-3.422947406768799,-138.03985595703122,1054,dyadic_leader
finger_ring_1_r,2,118.94898986816406,-3.4652194976806636,-138.05723571777344,1054,dyadic_leader
PhoneCollider,1,118.92288970947266,-3.4190011024475098,-138.05880737304688,1054,dyadic_leader
finger_ring_1_r,2,118.89634704589844,-3.4610912799835205,-138.07676696777344,1054,dyadic_leader
PhoneCollider,1,118.87142944335938,-3.415358066558838,-138.07720947265622,1054,dyadic_leader
finger_ring_1_r,2,118.84456634521484,-3.4573025703430176,-138.09584045410156,1054,dyadic_leader
PhoneCollider,1,118.8204345703125,-3.4120686054229736,-138.09536743164062,1054,dyadic_leader
finger_ring_1_r,2,118.7933349609375,-3.4536261558532715,-138.11445617675778,1054,dyadic_leader
PhoneCollider,1,118.76950073242188,-3.4088704586029053,-138.11312866210938,1054,dyadic_leader
finger_ring_2_r,2,118.73944854736328,-3.431123971939087,-138.154296875,1054,dyadic_leader
PhoneCollider,1,118.71833038330078,-3.4061503410339355,-138.13134765625,1054,dyadic_leader
finger_ring_1_r,2,118.6907196044922,-3.447349548339844,-138.152099609375,1054,dyadic_leader
PhoneCollider,1,118.61660766601562,-3.40108585357666,-138.16744995117188,1054,dyadic_leader
PhoneCollider,1,118.56553649902344,-3.398988962173462,-138.185791015625,1054,dyadic_leader
finger_pinky_1_r,2,118.55635833740234,-3.4570491313934326,-138.22477722167972,1054,dyadic_leader
PhoneCollider,1,118.51404571533205,-3.396968364715576,-138.20404052734378,1054,dyadic_leader
finger_ring_1_r,2,118.48584747314452,-3.437320709228516,-138.22727966308594,1054,dyadic_leader
PhoneCollider,1,118.41252136230469,-3.3933756351470947,-138.23989868164062,1054,dyadic_leader
PhoneCollider,1,118.36109161376952,-3.3919892311096187,-138.25808715820312,1054,dyadic_leader
finger_ring_1_r,2,118.3327178955078,-3.4320178031921387,-138.28279113769528,1054,dyadic_leader
PhoneCollider,1,118.3094711303711,-3.3907499313354488,-138.2762451171875,1054,dyadic_leader
finger_ring_1_r,2,118.28103637695312,-3.43096137046814,-138.30166625976562,1054,dyadic_leader
PhoneCollider,1,118.25919342041016,-3.3899211883544917,-138.29415893554688,1054,dyadic_leader
PhoneCollider,1,118.20777893066406,-3.389029264450073,-138.31231689453122,1054,dyadic_leader
finger_ring_1_r,2,118.17918395996094,-3.428910732269287,-138.33831787109378,1054,dyadic_leader
PhoneCollider,1,118.1047821044922,-3.3875336647033687,-138.34890747070312,1054,dyadic_leader
finger_ring_1_r,2,118.07606506347656,-3.4269635677337646,-138.37522888183594,1054,dyadic_leader
PhoneCollider,1,118.05361938476562,-3.386771440505981,-138.36676025390622,1054,dyadic_leader
finger_ring_1_r,2,118.02477264404295,-3.4262566566467285,-138.3934326171875,1054,dyadic_leader
PhoneCollider,1,117.95030975341795,-3.3857610225677486,-138.40289306640622,1054,dyadic_leader
finger_ring_1_r,2,117.92133331298828,-3.4251248836517334,-138.43014526367188,1054,dyadic_leader
PhoneCollider,1,117.89801788330078,-3.3855109214782715,-138.42108154296878,1054,dyadic_leader
finger_ring_1_r,2,117.86907196044922,-3.424788475036621,-138.44863891601562,1054,dyadic_leader
PhoneCollider,1,117.8461685180664,-3.385304450988769,-138.4390869140625,1054,dyadic_leader
finger_ring_1_r,2,117.8172836303711,-3.4243476390838623,-138.46684265136722,1054,dyadic_leader
PhoneCollider,1,117.794921875,-3.3850154876708984,-138.45675659179688,1054,dyadic_leader
finger_ring_1_r,2,117.7659149169922,-3.424065113067627,-138.48472595214844,1054,dyadic_leader
PhoneCollider,1,117.69091033935548,-3.3848817348480225,-138.49240112304688,1054,dyadic_leader
finger_ring_1_r,2,117.66175842285156,-3.4237992763519287,-138.52078247070312,1054,dyadic_leader
PhoneCollider,1,117.5868148803711,-3.385097980499268,-138.528076171875,1054,dyadic_leader
finger_ring_1_r,2,117.557373046875,-3.4240429401397705,-138.55662536621094,1054,dyadic_leader
PhoneCollider,1,117.4819107055664,-3.3857736587524414,-138.56350708007812,1054,dyadic_leader
finger_ring_2_r,2,117.45358276367188,-3.4027292728424072,-138.61062622070312,1054,dyadic_leader
Lamppost_v1 (5),2,17.986665725708008,0.4222526550292969,-126.958251953125,1054,dyadic_leader
Graffity_04,2,47.87879943847656,-0.7181854248046875,-126.2183074951172,1054,dyadic_leader
Lamppost_v1 (4),2,51.73228073120117,-0.11774730682373047,-125.72917938232422,1054,dyadic_leader
Broadleaf_Mobile (32),1,88.2699966430664,-4.5122642517089835,-113.13999938964844,1054,dyadic_leader
CollisionObject0,2,65.51495361328125,0.6183891296386719,-112.16533660888672,1054,dyadic_leader
Lamppost_v1 (2),1,81.5710678100586,0.9422526359558104,-97.75773620605469,1054,dyadic_leader
Bench_v1 (4),1,41.95024871826172,-4.3011865615844735,-147.490966796875,1054,dyadic_leader
Building_229,2,-25.897090911865234,0.5334944725036621,-230.45997619628903,1054,dyadic_leader
terrain_L.001,2,-54.519752502441406,-4.508170127868652,-209.67454528808597,1054,dyadic_leader
pavement_C.002,2,-217.75689697265625,-2.905126571655273,-288.5952453613281,1054,dyadic_leader
CollisionObject0,1,59.12262725830078,-0.06842708587646484,-135.09698486328122,1054,dyadic_leader
Broadleaf_Mobile (8),2,59.20766830444336,-4.6350626945495605,-135.18165588378906,1054,dyadic_leader
DestinationZoneA8,2,45.83732604980469,-4.647160530090332,-133.37660217285156,1054,dyadic_leader
