PathNumber,ColliderName,Samples,timeDiff,Index
0,NoHouse,49,0.6373591423034668,0
0,NoHit,21,0.3109920024871826,1
0,NoHouse,205,3.1302573680877686,2
0,crane_2,2,0.022319555282592773,5
0,NoHouse,15,0.2236952781677246,6
0,NoHit,16,0.25544190406799316,7
0,NoHouse,95,1.4324469566345215,8
0,Building_218,14,0.21129703521728516,9
0,NoHouse,9,0.15574407577514648,10
0,Building_218,7,0.12201523780822754,11
0,NoHouse,117,1.8312327861785889,12
0,TaskBuilding_53,12,0.21129631996154785,13
0,Building_218,2,0.022815465927124023,14
0,Building_217,79,1.2439687252044678,15
0,NoHouse,12,0.21129584312438965,16
0,Building_217,101,1.5549614429473877,17
0,Building_218,34,0.5748636722564697,18
0,NoHouse,6,0.0882878303527832,19
0,Building_218,31,0.49153637886047363,20
0,TaskBuilding_53,38,0.6224801540374756,21
0,Building_218,8,0.14383983612060547,22
0,TaskBuilding_53,7,0.11110424995422363,23
0,Building_218,18,0.3000798225402832,24
0,NoHouse,10,0.13292813301086426,25
0,Building_218,5,0.0892801284790039,26
0,NoHouse,223,3.5315213203430176,27
1,NoHouse,325,4.824096441268921,28
1,NoHit,1,0.011407613754272461,29
1,NoHouse,144,2.253328800201416,30
1,Building_211,1,0.02232217788696289,39
1,NoHouse,135,2.056414842605591,40
1,Building_210,1,0.02182316780090332,41
1,Building_211,2,0.033231496810913086,42
1,NoHouse,28,0.48856210708618164,43
1,Building_187,1,0.02231907844543457,44
1,Building_213,3,0.0441434383392334,45
1,NoHouse,2,0.033232688903808594,46
1,Building_187,1,0.011407852172851562,47
1,NoHouse,117,1.8327205181121826,48
1,Building_210,12,0.22220826148986816,49
1,NoHouse,84,1.321840763092041,50
1,Building_213,10,0.19939088821411133,51
1,NoHouse,14,0.23312091827392578,52
1,Building_210,4,0.05555105209350586,53
1,NoHouse,2,0.02232074737548828,54
1,Building_210,4,0.07787227630615234,55
1,NoHouse,1,0.021823883056640625,56
1,Building_210,1,0.010912418365478516,57
1,NoHouse,24,0.3774549961090088,58
1,Building_210,1,0.011408805847167969,59
1,NoHouse,2,0.02232050895690918,60
1,Building_210,6,0.12251091003417969,61
1,NoHouse,1,0.021824121475219727,62
1,Building_210,1,0.02232050895690918,63
1,NoHouse,1,0.022319793701171875,64
1,Building_210,5,0.05555152893066406,65
1,NoHouse,118,1.8431367874145508,66
1,Building_213,22,0.4002723693847656,67
1,NoHouse,18,0.3000800609588623,68
1,Building_213,1,0.021823406219482422,69
1,NoHouse,2,0.02232050895690918,70
1,Building_213,2,0.029760360717773438,71
1,NoHouse,5,0.10118412971496582,72
1,Building_213,5,0.0892794132232666,73
1,NoHouse,1,0.02132868766784668,74
1,Building_213,4,0.06695938110351562,75
1,NoHouse,447,7.399329423904419,76
1,Building_154,7,0.1324315071105957,77
1,NoHouse,1,0.022321224212646484,78
1,Building_154,6,0.11060738563537598,79
1,NoHouse,4,0.06646490097045898,80
1,Building_154,1,0.011407136917114258,81
1,NoHouse,1,0.01140737533569336,82
1,Building_154,24,0.38936281204223633,83
1,NoHouse,28,0.3883659839630127,84
1,Building_154,17,0.2881755828857422,85
1,NoHouse,347,5.8091535568237305,86
1,Building_154,1,0.02182459831237793,87
1,NoHouse,44,0.7668156623840332,88
1,Building_154,39,0.6557128429412842,89
1,NoHouse,58,0.9101595878601074,90
1,Building_154,3,0.04464006423950195,91
1,NoHouse,1,0.02132868766784668,92
1,Building_154,8,0.13391947746276855,93
1,NoHouse,4,0.06597161293029785,94
1,Building_154,1,0.01239633560180664,95
1,NoHouse,23,0.38787245750427246,96
1,Building_154,1,0.011407613754272461,97
1,NoHouse,3,0.05555295944213867,98
1,Building_154,9,0.16615962982177734,99
1,NoHouse,4,0.05604815483093262,100
1,Building_154,2,0.021823644638061523,101
1,NoHouse,5,0.06646394729614258,102
1,Building_154,1,0.010912656784057617,103
1,NoHouse,41,0.6333918571472168,104
1,Building_154,13,0.23312067985534668,105
1,NoHouse,18,0.2658562660217285,106
1,Building_154,32,0.5778391361236572,107
1,NoHouse,29,0.48955202102661133,108
1,Building_154,22,0.309999942779541,109
1,NoHouse,3,0.05555272102355957,110
1,Building_154,21,0.35563206672668457,111
1,NoHouse,88,1.355072021484375,112
1,Building_154,21,0.30057621002197266,113
1,NoHouse,83,1.3431689739227295,114
1,Building_154,1,0.010912418365478516,115
1,NoHouse,60,1.0440800189971924,116
1,Building_154,8,0.12201547622680664,117
1,NoHouse,1,0.011407613754272461,118
1,Building_154,1,0.021824359893798828,119
1,NoHouse,10,0.18947148323059082,120
1,Building_154,1,0.010912895202636719,121
1,NoHouse,2,0.022319793701171875,122
1,Building_154,10,0.17707252502441406,123
1,NoHouse,23,0.41118454933166504,124
1,Building_154,15,0.25543880462646484,125
1,NoHouse,67,1.0326719284057617,126
1,Building_154,29,0.4890563488006592,127
1,NoHouse,14,0.26635193824768066,128
1,Building_154,21,0.3442239761352539,129
1,NoHouse,36,0.6214885711669922,130
1,Building_154,20,0.3333122730255127,131
1,NoHouse,100,1.5658724308013916,132
1,Building_136,1,0.012399435043334961,133
1,NoHouse,9,0.11060881614685059,134
1,Building_136,2,0.04364800453186035,135
1,NoHouse,1,0.01140737533569336,136
1,Building_138,5,0.08878374099731445,137
1,NoHouse,6,0.08928060531616211,138
1,Building_139,8,0.14383983612060547,139
1,NoHouse,45,0.7440001964569092,140
1,Building_139,1,0.011904478073120117,141
1,NoHouse,2,0.03273630142211914,142
1,Building_139,1,0.01140737533569336,143
1,NoHouse,6,0.11060833930969238,144
1,Building_139,20,0.3343031406402588,145
1,NoHouse,274,4.507649898529053,146
1,Building_229,1,0.01140904426574707,147
1,NoHouse,90,1.4661750793457031,148
1,Building_229,2,0.03323245048522949,149
1,NoHouse,2,0.044144392013549805,150
1,Building_229,4,0.06695914268493652,151
1,NoHouse,2,0.02232050895690918,152
1,Building_229,3,0.05604887008666992,153
1,NoHouse,69,1.1437766551971436,154
1,Building_136,13,0.18798232078552246,155
1,NoHouse,29,0.5113766193389893,156
1,Building_229,1,0.022816896438598633,157
1,NoHouse,5,0.09969568252563477,158
1,Building_229,7,0.0882868766784668,159
1,NoHouse,71,1.2330567836761475,160
1,TaskBuilding_37,15,0.21129679679870605,161
1,NoHouse,10,0.12251162528991699,162
1,Building_229,21,0.27778124809265137,163
1,NoHouse,2,0.02329111099243164,164
1,Building_228,32,0.5212957859039307,165
1,NoHouse,285,4.38612961769104,166
1,Building_229,1,0.011407136917114258,167
1,NoHouse,6,0.11110448837280273,168
1,Building_229,2,0.03224015235900879,169
1,NoHouse,19,0.29958391189575195,170
1,Building_229,3,0.033728599548339844,171
1,NoHouse,5,0.055055856704711914,172
1,Building_229,1,0.010912179946899414,173
1,NoHouse,255,3.999248504638672,174
1,Building_136,18,0.29958462715148926,175
1,NoHouse,73,1.2216482162475586,176
1,Building_228,6,0.1334240436553955,177
1,NoHouse,16,0.25544023513793945,178
1,Building_228,5,0.07787203788757324,179
1,NoHouse,8,0.13292813301086426,180
1,Building_228,2,0.033727407455444336,181
1,NoHouse,3,0.055552005767822266,182
1,Building_228,3,0.05505728721618652,183
1,NoHouse,84,1.3878071308135986,184
1,Building_228,1,0.010912418365478516,185
1,NoHouse,27,0.4335043430328369,186
1,Building_228,27,0.4434232711791992,187
1,NoHouse,1,0.011904239654541016,188
1,Building_228,7,0.07787299156188965,189
1,NoHouse,214,3.443232297897339,190
1,TaskBuilding_25,1,0.010911703109741211,191
1,NoHouse,98,1.621424913406372,192
1,Building_133,4,0.05555105209350586,193
1,NoHouse,96,1.510817527770996,194
1,Building_124,1,0.021823644638061523,195
1,NoHouse,1,0.011407852172851562,196
1,Building_124,4,0.06646418571472168,197
1,NoHouse,78,1.266784429550171,198
1,Building_124,15,0.22072076797485352,199
1,NoHouse,63,0.9126396179199219,200
1,Building_124,7,0.12201595306396484,201
1,NoHouse,720,11.683284044265747,202
1,Building_98,4,0.055551767349243164,203
1,NoHouse,1,0.021824121475219727,204
1,TaskBuilding_30,1,0.022319555282592773,205
1,NoHouse,2,0.03323197364807129,206
1,Building_98,8,0.1225118637084961,207
1,Building_145,13,0.19889569282531738,208
1,NoHouse,114,1.7558410167694092,209
1,Building_98,23,0.3223998546600342,210
1,NoHouse,141,2.242912530899048,211
1,Building_131,1,0.011415243148803711,212
1,Building_132,16,0.27725672721862793,213
1,NoHouse,84,1.4661774635314941,214
1,Building_123,12,0.19988727569580078,215
1,NoHouse,126,2.065840721130371,216
2,NoHouse,1172,18.274132251739502,217
2,Building_126,1,0.010911941528320312,218
2,NoHouse,107,1.8436315059661865,219
2,Building_127,15,0.27776026725769043,220
2,NoHouse,397,6.518434524536133,221
2,Building_128,10,0.14433503150939941,222
2,NoHouse,6,0.11160087585449219,223
2,Building_127,9,0.15524697303771973,224
2,NoHouse,97,1.5663690567016602,225
2,Building_125,17,0.24403166770935059,226
2,NoHouse,15,0.26734423637390137,227
2,Building_125,1,0.02133011817932129,228
2,NoHouse,2,0.03322958946228027,229
2,Building_125,1,0.011408567428588867,230
2,NoHouse,142,2.476529359817505,231
2,TaskBuilding_1,1,0.011902332305908203,232
2,NoHouse,1,0.021328210830688477,233
2,TaskBuilding_1,8,0.1334245204925537,234
2,NoHouse,12,0.2107999324798584,235
2,TaskBuilding_1,6,0.08878374099731445,236
2,TaskBuilding_20,8,0.14483213424682617,237
2,TaskBuilding_1,1,0.021831512451171875,238
2,Building_119,7,0.1230008602142334,239
2,TaskBuilding_20,4,0.07737565040588379,240
2,Building_119,1,0.02232050895690918,241
2,NoHouse,1,0.021824121475219727,242
2,Building_121,1,0.01140737533569336,243
2,NoHouse,43,0.7221763134002686,244
2,TaskBuilding_1,11,0.13292789459228516,245
2,Building_67,1,0.02281641960144043,246
2,TaskBuilding_1,1,0.021328210830688477,247
2,NoHouse,1,0.021823883056640625,248
2,TaskBuilding_20,12,0.2008805274963379,249
2,Building_119,5,0.09919953346252441,250
2,Building_121,1,0.011904239654541016,251
2,NoHouse,39,0.6105756759643555,252
2,Building_121,25,0.4217402935028076,253
2,NoHouse,16,0.24389171600341797,254
2,Building_121,39,0.6115682125091553,255
2,NoHouse,169,2.742384910583496,256
2,TaskBuilding_20,16,0.27776026725769043,257
2,NoHouse,205,3.2765769958496094,258
2,TaskBuilding_15,1,0.010911941528320312,259
2,NoHouse,55,0.9662094116210938,260
2,TaskBuilding_1,6,0.09969568252563477,261
2,NoHouse,119,1.9324159622192383,262
2,TaskBuilding_20,3,0.044640302658081055,263
2,Building_119,1,0.02182316780090332,264
2,TaskBuilding_20,15,0.23361659049987793,265
2,Building_119,1,0.022320270538330078,266
2,TaskBuilding_20,15,0.2777595520019531,267
2,NoHouse,18,0.27776002883911133,268
2,TaskBuilding_1,12,0.22220849990844727,269
2,NoHouse,559,9.118466854095459,270
2,Building_67,1,0.021328210830688477,271
2,NoHouse,17,0.2549428939819336,272
2,NoHit,17,0.2782561779022217,273
2,NoHouse,115,1.8882722854614258,274
2,TaskBuilding_12,1,0.022321224212646484,275
2,NoHouse,7,0.14383935928344727,276
2,TaskBuilding_12,1,0.022815465927124023,277
2,NoHouse,1,0.021328449249267578,278
2,TaskBuilding_12,2,0.034224748611450195,279
2,NoHouse,1,0.0001990795135498047,280
2,TaskBuilding_12,2,0.021624326705932617,281
2,NoHouse,1,0.010912418365478516,282
2,TaskBuilding_12,1,0.011407136917114258,283
2,NoHouse,3,0.05604839324951172,284
2,TaskBuilding_12,1,0.021328449249267578,285
2,NoHouse,1,0.022319555282592773,286
2,TaskBuilding_12,8,0.14483237266540527,287
2,NoHouse,52,0.9230568408966064,288
2,TaskBuilding_1,41,0.544607400894165,289
2,NoHouse,617,9.560403108596802,290
2,Building_67,2,0.0441431999206543,291
2,NoHouse,127,2.1208975315093994,292
2,Building_64,5,0.06745600700378418,293
2,NoHouse,35,0.588752031326294,294
2,Building_64,1,0.02182316780090332,295
2,NoHouse,59,0.9771206378936768,296
2,Building_67,1,0.02182483673095703,297
2,NoHouse,46,0.7335836887359619,298
2,Building_67,5,0.07737588882446289,299
2,NoHouse,1,0.011903762817382812,300
2,Building_67,8,0.09920096397399902,301
2,NoHouse,34,0.5123670101165771,302
2,Building_67,26,0.46624016761779785,303
2,TaskBuilding_11,28,0.45433664321899414,304
2,NoHouse,12,0.16616034507751465,305
2,TaskBuilding_11,6,0.10019111633300781,306
2,Building_64,17,0.27776074409484863,307
2,TaskBuilding_11,38,0.6001596450805664,308
2,Building_64,1,0.021327972412109375,309
2,NoHouse,138,2.2439050674438477,310
2,Building_64,53,0.8332805633544922,311
2,NoHouse,20,0.3333113193511963,312
2,Building_64,1,0.021825075149536133,313
2,TaskBuilding_11,34,0.5331993103027344,314
2,NoHouse,19,0.3010730743408203,315
2,Building_64,1,0.021824121475219727,316
2,NoHouse,7,0.08977723121643066,317
2,Building_64,3,0.04364609718322754,318
2,NoHouse,3,0.03372836112976074,319
2,Building_64,2,0.021824359893798828,320
2,TaskBuilding_11,8,0.11159944534301758,321
2,NoHouse,56,0.9637279510498047,322
2,Building_64,25,0.34472107887268066,323
2,NoHouse,1,0.011407613754272461,324
2,Building_64,2,0.03422355651855469,325
2,NoHouse,47,0.7221763134002686,326
2,Building_64,2,0.04463982582092285,327
2,TaskBuilding_11,13,0.23312044143676758,328
2,NoHouse,7,0.12201619148254395,329
2,TaskBuilding_11,25,0.4106872081756592,330
2,Building_64,3,0.03372836112976074,331
2,NoHouse,1,0.021824121475219727,332
2,Building_64,1,0.011407852172851562,333
2,NoHouse,1,0.021823644638061523,334
2,Building_64,43,0.655536413192749,335
2,NoHouse,17,0.28636908531188965,336
2,Building_64,1,0.010911703109741211,337
2,TaskBuilding_11,10,0.14483118057250977,338
2,Building_64,27,0.42507290840148926,339
2,NoHouse,29,0.5103840827941895,340
2,Building_64,1,0.011407852172851562,341
2,NoHouse,1,0.021823406219482422,342
2,Building_64,56,0.8987529277801514,343
2,NoHouse,21,0.3109917640686035,344
2,TaskBuilding_12,29,0.4989759922027588,345
2,NoHouse,11,0.1775681972503662,346
2,TaskBuilding_12,3,0.06646370887756348,347
2,NoHouse,2,0.022320032119750977,348
2,TaskBuilding_12,1,0.021826982498168945,349
2,NoHouse,1,0.022813081741333008,350
2,TaskBuilding_12,21,0.3224003314971924,351
2,NoHouse,408,6.619617938995361,352
2,Building_64,28,0.39977598190307617,353
2,NoHouse,649,10.540002822875977,354
2,Building_57,1,0.010912895202636719,355
2,NoHouse,2,0.033231496810913086,356
2,Building_57,18,0.31148862838745117,357
2,NoHouse,20,0.3333113193511963,358
2,Building_57,28,0.3883683681488037,359
2,Building_58,2,0.022320270538330078,360
2,Building_59,7,0.08878326416015625,361
2,Building_60,4,0.055551767349243164,362
2,NoHouse,1,0.011408805847167969,363
2,Building_60,3,0.055552005767822266,364
2,NoHouse,16,0.23262381553649902,365
2,Building_60,1,0.011408567428588867,366
2,NoHouse,1,0.010911703109741211,367
2,Building_60,7,0.11259198188781738,368
2,NoHouse,3,0.0411679744720459,369
2,Building_60,1,0.010911941528320312,370
2,NoHouse,9,0.11209583282470703,371
2,Building_60,2,0.03273653984069824,372
2,Building_59,11,0.18847990036010742,373
2,NoHouse,126,2.0236804485321045,374
2,Building_63,1,0.010912179946899414,375
2,NoHouse,123,1.9656481742858887,376
2,Building_62,12,0.1998889446258545,377
2,Building_61,29,0.47814345359802246,378
2,TaskBuilding_9,2,0.03323245048522949,379
2,Building_61,15,0.2107996940612793,380
2,Building_62,2,0.022319793701171875,381
2,NoHouse,183,2.9541773796081543,382
3,NoHouse,359,5.337952136993408,383
3,Building_64,9,0.10812783241271973,384
3,NoHouse,14,0.23361778259277344,385
3,Building_64,1,0.010910749435424805,386
3,NoHouse,1,0.011408090591430664,387
3,Building_64,9,0.14433646202087402,388
3,NoHouse,642,10.195282697677612,389
3,TaskBuilding_12,3,0.0441441535949707,390
3,NoHouse,26,0.4667356014251709,391
3,TaskBuilding_12,1,0.02182459831237793,392
3,NoHouse,3,0.0451359748840332,393
3,TaskBuilding_12,32,0.5302236080169678,394
3,NoHouse,12,0.22220802307128906,395
3,Church-TaskBuilding_16,1,0.011408567428588867,396
3,NoHouse,2,0.021823644638061523,397
3,Church-TaskBuilding_16,19,0.23609519004821777,398
3,NoHouse,19,0.2772650718688965,399
3,Church-TaskBuilding_16,5,0.07769560813903809,400
3,NoHouse,51,0.9782874584197998,401
3,Building_83,1,0.021327972412109375,402
3,NoHouse,1,0.011407613754272461,403
3,Building_83,2,0.04464006423950195,404
3,NoHouse,2,0.044144392013549805,405
3,Building_83,5,0.06696057319641113,406
3,TaskBuilding_11,1,0.02182316780090332,407
3,Building_67,1,0.010913372039794922,408
3,TaskBuilding_11,1,0.011407136917114258,409
3,Building_83,2,0.044640302658081055,410
3,NoHouse,1,0.02182459831237793,411
3,TaskBuilding_1,6,0.0892791748046875,412
3,NoHouse,1,0.021824359893798828,413
3,TaskBuilding_1,1,0.011407852172851562,414
3,NoHouse,1,0.022320270538330078,415
3,TaskBuilding_1,1,0.01091146469116211,416
3,NoHouse,97,1.5871999263763428,417
3,Building_131,1,0.02182459831237793,418
3,NoHouse,7,0.1334238052368164,419
3,Building_131,2,0.03323173522949219,420
3,NoHouse,237,3.9427058696746826,421
3,Building_131,1,0.01140737533569336,422
3,NoHouse,4,0.07787203788757324,423
3,Building_131,9,0.12251114845275879,424
3,NoHouse,1,0.011408805847167969,425
3,Building_131,5,0.09969615936279297,426
3,NoHouse,174,2.7761144638061523,427
3,TaskBuilding_1,8,0.12251043319702148,428
3,NoHouse,106,1.77667236328125,429
3,Building_225,2,0.04414486885070801,430
3,NoHouse,11,0.17806315422058105,431
3,Building_225,1,0.021824121475219727,432
3,NoHouse,8,0.12201642990112305,433
3,Building_225,1,0.01140737533569336,434
3,NoHouse,22,0.4002721309661865,435
3,Building_131,2,0.03273606300354004,436
3,NoHouse,2,0.03372788429260254,437
3,Building_131,7,0.14483213424682617,438
3,NoHouse,1,0.010912656784057617,439
3,Building_131,7,0.09969520568847656,440
3,NoHouse,1,0.02281665802001953,441
3,Building_131,1,0.022320032119750977,442
3,NoHouse,371,6.140481948852539,443
3,Building_131,1,0.011903047561645508,444
3,NoHouse,1,0.01140904426574707,445
3,Building_135,1,0.02132868766784668,446
3,NoHouse,87,1.366478681564331,447
3,Building_131,1,0.021823883056640625,448
3,NoHouse,12,0.18897676467895508,449
3,Building_131,3,0.03323197364807129,450
3,NoHouse,22,0.34372782707214355,451
3,Building_125,2,0.03372836112976074,452
3,NoHouse,81,1.355072021484375,453
3,TaskBuilding_1,2,0.033234357833862305,454
3,NoHouse,41,0.5669262409210205,455
3,Building_131,2,0.04364776611328125,456
3,NoHouse,1,0.023312091827392578,457
3,Building_131,1,0.021328210830688477,458
3,Building_225,1,0.011904239654541016,459
3,NoHouse,2,0.0441436767578125,460
3,Building_131,5,0.08828902244567871,461
3,NoHouse,15,0.23361515998840332,462
3,Building_121,15,0.2777597904205322,463
3,NoHouse,92,1.5876960754394531,464
3,Building_131,9,0.15524840354919434,465
3,NoHouse,214,3.509697675704956,466
3,Building_117,1,0.022815227508544922,467
3,NoHouse,47,0.6988646984100342,468
3,Building_117,1,0.011407613754272461,469
3,NoHouse,1,0.01115107536315918,470
3,TaskBuilding_1,6,0.0994572639465332,471
3,Building_combined_115_116,2,0.03372812271118164,472
3,Building_117,8,0.0892801284790039,473
3,NoHouse,178,2.9869132041931152,474
4,NoHouse,302,4.502192258834839,475
4,Building_67,3,0.03323221206665039,476
4,NoHouse,2,0.022319555282592773,477
4,Building_67,3,0.05555129051208496,478
4,Building_66,2,0.01091313362121582,479
4,Building_67,5,0.0783681869506836,480
4,NoHouse,8,0.12151980400085449,481
4,Building_67,2,0.03372812271118164,482
4,NoHouse,147,2.297968626022339,483
4,Building_67,1,0.011407852172851562,484
4,NoHouse,18,0.28966426849365234,485
4,Building_66,2,0.03323173522949219,486
4,Building_83,4,0.06696033477783203,487
4,Building_66,1,0.021823644638061523,488
4,Building_83,15,0.22220802307128906,489
4,NoHouse,2,0.021824359893798828,490
4,Building_83,7,0.08878326416015625,491
4,Building_66,3,0.04513669013977051,492
4,NoHouse,21,0.33182406425476074,493
4,Building_66,3,0.06646370887756348,494
4,Building_83,13,0.2117919921875,495
4,NoHouse,4,0.05604815483093262,496
4,TaskBuilding_1,35,0.49947237968444824,497
4,NoHouse,2,0.03323221206665039,498
4,Building_combined_115_116,1,0.011904001235961914,499
4,Building_113,1,0.02182316780090332,500
4,NoHouse,1,0.021823644638061523,501
4,Building_combined_115_116,1,0.011407852172851562,502
4,NoHouse,2,0.033232927322387695,503
4,Building_combined_115_116,1,0.021823406219482422,504
4,NoHouse,2,0.033728599548339844,505
4,Building_combined_115_116,1,0.02232050895690918,506
4,NoHouse,2,0.03323197364807129,507
4,Building_combined_115_116,1,0.022319555282592773,508
4,NoHouse,1,0.021825075149536133,509
4,Building_combined_115_116,1,0.011407136917114258,510
4,NoHouse,126,1.9874722957611084,511
4,Building_combined_115_116,2,0.023312091827392578,512
4,NoHouse,138,2.264737129211426,513
4,Building_87,3,0.056047916412353516,514
4,NoHouse,146,2.28755259513855,515
4,Building_87,1,0.022320032119750977,516
4,NoHouse,1,0.010911703109741211,517
4,Building_87,15,0.2440319061279297,518
4,NoHouse,1,0.011407852172851562,519
4,TaskBuilding_23,1,0.022319793701171875,520
4,NoHouse,8,0.1666569709777832,521
4,TaskBuilding_23,4,0.06646418571472168,522
4,NoHouse,26,0.4335036277770996,523
4,Building_88,9,0.15276741981506348,524
4,NoHouse,135,2.257296323776245,525
4,Building_88,7,0.12201547622680664,526
4,NoHouse,1,0.010912895202636719,527
4,Building_88,2,0.033231258392333984,528
4,NoHouse,29,0.4439201354980469,529
4,Building_104,2,0.022319793701171875,530
4,NoHouse,2,0.044144392013549805,531
4,Building_104,1,0.022816181182861328,532
4,NoHouse,9,0.17707157135009766,533
4,TaskBuilding_23,6,0.10068869590759277,534
4,NoHouse,1,0.021327733993530273,535
4,Building_104,7,0.11110424995422363,536
4,Building_97,2,0.023311138153076172,537
4,NoHouse,1,0.021329402923583984,538
4,Building_97,10,0.17806363105773926,539
4,Building_104,8,0.12201547622680664,540
4,NoHouse,12,0.19939231872558594,541
4,Building_87,4,0.06646394729614258,542
4,NoHouse,2,0.03372764587402344,543
4,Building_87,4,0.0773763656616211,544
4,NoHouse,2,0.022320032119750977,545
4,Building_87,7,0.0892801284790039,546
4,Building_86,3,0.056047916412353516,547
4,NoHouse,2,0.03297829627990723,548
4,Building_86,3,0.05630135536193848,549
4,Building_87,1,0.011408090591430664,550
4,NoHouse,71,1.1427841186523438,551
4,Building_105,1,0.011408567428588867,552
4,NoHouse,1,0.011408090591430664,553
4,TaskBuilding_3,3,0.055551767349243164,554
4,NoHouse,1,0.021823644638061523,555
4,TaskBuilding_3,1,0.02232050895690918,556
4,NoHouse,2,0.03323197364807129,557
4,TaskBuilding_3,4,0.06696033477783203,558
4,Building_106,6,0.11060905456542969,559
4,Building_107,1,0.011406660079956055,560
4,Building_106,13,0.23311948776245117,561
4,TaskBuilding_3,25,0.421600341796875,562
4,Building_105,14,0.24452829360961914,563
4,NoHouse,12,0.19939184188842773,564
4,Building_105,23,0.36704111099243164,565
4,NoHouse,40,0.699359655380249,566
4,Building_105,7,0.10118389129638672,567
4,TaskBuilding_3,4,0.055055856704711914,568
4,Building_105,1,0.02182316780090332,569
4,NoHouse,17,0.2559370994567871,570
4,TaskBuilding_3,3,0.03273630142211914,571
4,NoHouse,1,0.010415792465209961,572
4,TaskBuilding_3,4,0.05604743957519531,573
4,Building_106,14,0.2117924690246582,574
4,TaskBuilding_3,56,0.9428963661193848,575
4,Building_105,1,0.022319793701171875,576
4,TaskBuilding_3,2,0.0332331657409668,577
4,Building_105,1,0.022318601608276367,578
4,TaskBuilding_3,1,0.02182459831237793,579
4,NoHouse,125,1.9998722076416016,580
4,Building_104,81,1.387808084487915,581
4,Building_97,1,0.011408329010009766,582
4,NoHouse,1,0.021824121475219727,583
4,Building_97,1,0.011904478073120117,584
4,NoHouse,2,0.032736778259277344,585
4,Building_97,1,0.011406898498535156,586
4,NoHouse,13,0.23312067985534668,587
4,Building_97,4,0.08878421783447266,588
4,Building_104,2,0.045630455017089844,589
4,NoHouse,93,1.5872015953063965,590
4,Building_94,1,0.010415315628051758,591
4,NoHouse,5,0.08928036689758301,592
4,Building_94,11,0.20038366317749023,593
4,NoHouse,1,0.011408329010009766,594
4,Building_94,7,0.13292765617370605,595
4,TaskBuilding_18,2,0.044640541076660156,596
4,NoHouse,28,0.46623945236206055,597
4,Building_94,1,0.010912656784057617,598
4,NoHouse,2,0.021823883056640625,599
4,Building_94,4,0.07787227630615234,600
4,NoHouse,27,0.4116804599761963,601
4,Building_94,23,0.3660471439361572,602
4,NoHouse,10,0.15574407577514648,603
4,Building_94,1,0.02132868766784668,604
4,Building_96,39,0.6447992324829102,605
4,NoHouse,86,1.3654887676239014,606
4,Building_94,1,0.011408090591430664,607
4,NoHouse,37,0.643808126449585,608
4,TaskBuilding_18,30,0.5014567375183105,609
4,Building_94,1,0.021327495574951172,610
4,NoHouse,12,0.17657685279846191,611
4,Building_94,3,0.04563093185424805,612
4,NoHouse,7,0.08779215812683105,613
4,Building_94,8,0.12300825119018555,614
4,NoHouse,43,0.6879518032073975,615
4,Building_94,24,0.36604785919189453,616
4,NoHouse,1,0.011408329010009766,617
4,Building_94,6,0.10068869590759277,618
4,TaskBuilding_18,27,0.4325118064880371,619
4,Building_96,63,1.0554893016815186,620
4,NoHouse,2,0.03323054313659668,621
4,Building_96,37,0.5217926502227783,622
4,NoHouse,159,2.7433767318725586,623
4,Building_94,14,0.18897628784179688,624
4,NoHouse,52,0.8213756084442139,625
4,Building_94,10,0.1666562557220459,626
4,TaskBuilding_18,1,0.02232050895690918,627
4,Building_94,1,0.021823644638061523,628
4,TaskBuilding_18,6,0.10019254684448242,629
4,NoHouse,128,2.1546242237091064,630
4,Building_96,30,0.46624064445495605,631
4,NoHouse,27,0.37795138359069824,632
4,Windmill-TaskBuilding_10_1,11,0.1557445526123047,633
4,NoHouse,1,0.021328210830688477,634
4,Windmill-TaskBuilding_10_1,1,0.01140737533569336,635
4,NoHouse,18,0.3000802993774414,636
4,NoHit,3,0.04464006423950195,637
4,Windmill-TaskBuilding_10_1,1,0.022320032119750977,638
4,NoHouse,15,0.2658560276031494,639
4,Windmill-TaskBuilding_10_1,1,0.011407852172851562,640
4,NoHit,1,0.010911941528320312,641
4,NoHouse,184,3.0320487022399902,642
4,TaskBuilding_14,18,0.2782566547393799,643
4,Building_74,1,0.021823883056640625,644
4,NoHouse,25,0.37795209884643555,645
4,TaskBuilding_14,9,0.15475177764892578,646
4,Building_74,11,0.1998882293701172,647
4,House_10,18,0.3000802993774414,648
4,Building_74,1,0.01091313362121582,649
4,TaskBuilding_14,14,0.25543856620788574,650
4,House_10,1,0.011904001235961914,651
4,Windmill-TaskBuilding_10_1,1,0.021328449249267578,652
4,NoHouse,271,4.454576730728149,653
4,Building_91,3,0.06547284126281738,656
4,NoHouse,2,0.033231258392333984,657
4,TaskBuilding_19,7,0.1235044002532959,658
4,NoHouse,160,2.5444815158843994,659
4,Building_94,22,0.2782554626464844,660
4,NoHouse,1,0.01091146469116211,661
4,Building_94,2,0.02232050895690918,662
4,NoHouse,1,0.010912179946899414,663
4,Building_94,7,0.09969568252563477,664
4,NoHouse,16,0.2559359073638916,665
4,Building_94,11,0.1666562557220459,666
4,NoHouse,23,0.43796730041503906,667
4,Building_94,23,0.3481934070587158,668
4,NoHouse,54,0.8020312786102295,669
4,Building_94,17,0.2658572196960449,670
4,NoHouse,112,1.7300479412078857,671
4,Building_91,2,0.022319555282592773,672
4,NoHouse,5,0.056047916412353516,673
4,Building_91,1,0.010911941528320312,674
4,NoHouse,6,0.07787275314331055,675
4,Building_91,2,0.02232193946838379,676
4,NoHouse,1,0.010909795761108398,677
4,Building_91,13,0.18897557258605957,678
4,NoHouse,1,0.011408567428588867,679
4,Building_91,1,0.021823644638061523,680
4,NoHouse,50,0.7886407375335693,681
4,Building_91,13,0.23361659049987793,682
4,NoHouse,92,1.4205431938171387,683
4,Building_91,56,0.9339678287506104,684
4,NoHouse,25,0.36604809761047363,685
4,Building_91,14,0.22171282768249512,686
4,NoHouse,18,0.2891678810119629,687
4,Building_91,18,0.28867220878601074,688
4,NoHouse,28,0.49947237968444824,689
4,Building_91,74,1.2548801898956299,690
4,NoHouse,235,3.765136480331421,691
4,Building_193,1,0.011408567428588867,692
4,NoHouse,4,0.06646466255187988,693
4,Building_176,12,0.19988751411437988,694
4,NoHouse,37,0.5882561206817627,695
4,TaskBuilding_19,68,1.111536979675293,696
4,NoHouse,29,0.45532774925231934,697
4,Building_92,4,0.0441436767578125,698
4,NoHouse,18,0.27776050567626953,699
4,Building_92,3,0.06646347045898438,700
4,NoHouse,35,0.5996642112731934,701
4,Building_176,1,0.011409759521484375,702
4,NoHouse,1,0.010910749435424805,703
4,Building_176,2,0.021823883056640625,704
4,NoHouse,351,5.554045677185059,705
4,Building_103,4,0.0671234130859375,706
4,NoHouse,1,0.02232050895690918,707
4,Building_103,2,0.021823883056640625,708
4,NoHouse,1,0.011408090591430664,709
4,Building_101,16,0.2747843265533447,710
4,Building_102,12,0.17806410789489746,711
4,Building_103,2,0.022815704345703125,712
4,TaskBuilding_29,1,0.011408329010009766,713
4,NoHouse,676,10.962594509124756,714
4,TaskBuilding_29,13,0.1988973617553711,715
4,NoHouse,5,0.06596660614013672,716
4,TaskBuilding_29,23,0.3462073802947998,717
4,NoHouse,149,2.2984652519226074,718
5,NoHouse,9,0.11259055137634277,719
5,Building_92,206,3.067760705947876,720
5,NoHouse,156,2.310368776321411,721
5,Building_176,14,0.23361659049987793,722
5,NoHouse,53,0.8551046848297119,723
5,Building_176,24,0.3982882499694824,724
5,NoHouse,54,0.8342719078063965,725
5,Building_176,24,0.3650550842285156,726
5,NoHouse,45,0.7122571468353271,727
5,Building_176,49,0.7772324085235596,728
5,NoHouse,97,1.5217280387878418,729
5,Building_176,32,0.499967098236084,730
5,NoHouse,22,0.385392427444458,731
5,Building_176,19,0.27974510192871094,732
5,NoHouse,217,3.4214091300964355,733
5,Building_93,13,0.24452781677246094,734
5,NoHouse,520,8.673554420471191,735
5,TaskBuilding_38,1,0.010910987854003906,736
5,NoHouse,590,9.784594058990479,737
5,Building_177,24,0.421600341796875,738
5,NoHouse,27,0.4225924015045166,739
5,Building_179,1,0.010912179946899414,740
5,NoHouse,50,0.7772319316864014,741
5,Building_179,1,0.022320032119750977,742
5,NoHouse,14,0.23311972618103027,743
5,Building_188,1,0.010912179946899414,744
5,Building_189,16,0.24452853202819824,745
5,Building_179,1,0.022319555282592773,746
5,NoHouse,123,2.0212011337280273,747
5,Building_179,28,0.41118383407592773,748
5,NoHouse,4,0.0441436767578125,749
5,Building_185,2,0.0352168083190918,750
5,NoHouse,3,0.06447958946228027,751
5,Building_179,1,0.011408329010009766,752
5,NoHouse,410,6.752049922943115,753
5,Garage_185,2,0.022815465927124023,754
5,Building_194,2,0.021823883056640625,755
5,Garage_185,1,0.011903762817382812,756
5,NoHouse,16,0.3100006580352783,757
5,Garage_185,1,0.011904239654541016,758
5,NoHouse,2,0.033232927322387695,759
5,Garage_185,1,0.021822690963745117,760
5,NoHouse,390,6.296722173690796,761
5,Garage_185,1,0.011407852172851562,762
5,NoHouse,125,2.0549280643463135,763
5,Garage_185,2,0.03273653984069824,764
5,NoHouse,1,0.011904478073120117,765
5,Garage_185,15,0.2881767749786377,766
5,NoHouse,94,1.5162711143493652,767
5,Garage_185,41,0.6948966979980469,768
5,NoHouse,1,0.02182483673095703,769
5,Garage_185,19,0.31049442291259766,770
5,NoHouse,229,3.623281955718994,771
5,Garage_185,32,0.46623969078063965,772
5,NoHouse,822,13.047779560089111,773
6,NoHouse,176,2.579694986343384,774
6,Garage_185,12,0.14582467079162598,775
6,NoHouse,780,12.293859958648682,776
6,TaskBuilding_50,24,0.3223991394042969,777
6,TaskBuilding_52,4,0.06696057319641113,778
6,NoHouse,3,0.03323245048522949,779
6,TaskBuilding_52,19,0.28867149353027344,780
6,NoHouse,1,0.010912179946899414,781
6,TaskBuilding_52,11,0.18897557258605957,782
6,TaskBuilding_50,13,0.22220849990844727,783
6,TaskBuilding_52,9,0.16615986824035645,784
6,NoHouse,9,0.17806363105773926,785
6,TaskBuilding_52,4,0.0773770809173584,786
6,NoHouse,7,0.11159968376159668,787
6,TaskBuilding_52,3,0.0441436767578125,788
6,TaskBuilding_50,13,0.22220849990844727,789
6,TaskBuilding_52,2,0.043868064880371094,790
6,NoHouse,117,1.9341790676116943,791
6,TaskBuilding_52,2,0.0441441535949707,792
6,NoHouse,1,0.021327972412109375,793
6,TaskBuilding_52,9,0.14880037307739258,794
6,NoHouse,203,3.338080883026123,795
6,Building_163,1,0.011408090591430664,796
6,NoHouse,1,0.02232050895690918,797
6,Building_163,10,0.14434051513671875,798
6,NoHouse,62,1.0549864768981934,799
6,TaskBuilding_46,1,0.02182483673095703,800
6,NoHouse,3,0.05604815483093262,801
6,TaskBuilding_46,7,0.12201547622680664,802
6,NoHouse,771,12.69413137435913,803
6,TaskBuilding_50,7,0.09969615936279297,804
6,NoHouse,134,2.221585512161255,805
6,TaskBuilding_50,9,0.12201547622680664,806
6,NoHouse,1,0.010911941528320312,807
6,TaskBuilding_50,6,0.06646370887756348,808
6,NoHouse,52,0.8000485897064209,809
6,Building_198,1,0.021823883056640625,810
6,NoHouse,1,0.022321224212646484,811
6,Building_198,11,0.18897485733032227,812
6,NoHouse,1,0.022817134857177734,813
6,Building_198,22,0.39977502822875977,814
6,NoHouse,18,0.3000800609588623,815
6,Building_198,11,0.15425610542297363,816
6,NoHouse,20,0.2668483257293701,817
6,Building_198,2,0.033232927322387695,818
6,NoHouse,1,0.010910749435424805,819
6,Building_198,1,0.011408090591430664,820
6,NoHouse,2,0.04463982582092285,821
6,Building_198,1,0.011408329010009766,822
6,NoHouse,2,0.04364776611328125,823
6,Building_198,1,0.023312091827392578,824
6,NoHouse,61,1.0321762561798096,825
6,Building_202,2,0.044640541076660156,826
6,NoHouse,2,0.04364776611328125,827
6,Building_202,14,0.22220730781555176,828
6,Building_200,4,0.06696057319641113,829
6,NoHouse,5,0.11110448837280273,830
6,Building_198,74,1.2107367515563965,831
6,NoHouse,102,1.6992957592010498,832
6,Building_198,17,0.2767677307128906,833
6,NoHouse,20,0.3561279773712158,834
6,Building_199,3,0.03323197364807129,835
6,NoHouse,1,0.02232050895690918,836
6,Building_199,3,0.04464006423950195,837
6,Building_208,1,0.021823883056640625,838
6,NoHouse,16,0.26635169982910156,839
6,Building_212,2,0.03323173522949219,840
6,TaskBuilding_50,16,0.2668485641479492,841
6,Building_212,9,0.14433670043945312,842
6,NoHouse,14,0.2107996940612793,843
6,Building_198,49,0.7333078384399414,844
6,Building_200,8,0.11088395118713379,845
6,Building_198,42,0.710768461227417,846
6,NoHouse,37,0.5996637344360352,847
6,Building_212,2,0.033232927322387695,848
6,NoHouse,1,0.010910749435424805,849
6,Building_212,1,0.01140904426574707,850
6,TaskBuilding_50,24,0.42209601402282715,851
6,NoHouse,14,0.24502348899841309,852
6,Building_198,39,0.6547210216522217,853
6,Building_199,1,0.011904001235961914,854
6,NoHouse,89,1.4210395812988281,855
6,Building_213,13,0.19939255714416504,856
6,Building_209,1,0.022319793701171875,857
6,NoHouse,15,0.22220802307128906,858
6,Building_198,13,0.23312020301818848,859
6,NoHouse,58,0.988527774810791,860
6,Building_199,24,0.3883683681488037,861
6,NoHouse,11,0.15524864196777344,862
6,Building_199,2,0.022815227508544922,863
6,NoHouse,2,0.03273653984069824,864
6,Building_199,6,0.11160016059875488,865
6,NoHouse,31,0.5441126823425293,866
6,Building_199,1,0.011903762817382812,867
6,NoHouse,6,0.0882878303527832,868
6,Building_199,3,0.06745600700378418,869
6,NoHouse,24,0.35463953018188477,870
6,Building_199,19,0.3432326316833496,871
6,NoHouse,586,9.207746267318726,872
6,Building_209,10,0.12201642990112305,873
6,NoHouse,46,0.7221760749816895,874
6,Building_208,1,0.011408090591430664,875
6,NoHouse,3,0.0441439151763916,876
6,Building_208,1,0.022321224212646484,877
6,NoHouse,19,0.29958367347717285,878
6,Building_209,13,0.2107999324798584,879
6,NoHouse,119,1.9105920791625977,880
6,Building_209,77,1.210240364074707,881
6,NoHouse,26,0.42209529876708984,882
6,Building_209,2,0.03323173522949219,883
6,NoHouse,1,0.011409282684326172,884
6,Building_209,11,0.17806386947631836,885
6,NoHouse,16,0.28768014907836914,886
6,Building_210,1,0.011408090591430664,887
6,NoHouse,32,0.5451037883758545,888
6,Building_210,1,0.021823644638061523,889
6,NoHouse,135,2.2424168586730957,890
6,Building_220,1,0.011904239654541016,891
6,NoHouse,851,13.58296513557434,892
6,Building_215,22,0.33281469345092773,901
6,NoHouse,71,1.1551849842071533,902
6,Building_232,2,0.03323197364807129,903
6,NoHouse,1,0.011408090591430664,904
6,Building_232,1,0.011408329010009766,905
6,NoHouse,1,0.021824121475219727,906
6,Building_232,6,0.08878231048583984,907
6,NoHouse,4,0.05604863166809082,908
6,Building_232,1,0.021824359893798828,909
6,NoHouse,3,0.055551767349243164,910
6,Building_232,1,0.022320270538330078,911
6,NoHouse,4,0.07737612724304199,912
6,Building_232,1,0.022320270538330078,913
6,NoHouse,3,0.055551767349243164,914
6,Building_232,1,0.010911941528320312,915
6,NoHouse,2,0.022319793701171875,916
6,Building_232,3,0.04463934898376465,917
6,NoHouse,1,0.02182626724243164,918
6,Building_232,2,0.03422188758850098,919
6,NoHouse,217,3.4759693145751953,920
6,Building_236,56,0.930992603302002,921
6,NoHouse,27,0.4578077793121338,922
6,TaskBuilding_48,38,0.6219844818115234,923
6,NoHouse,281,4.35289740562439,924
6,Building_231,1,0.011407613754272461,925
6,NoHouse,1,0.021823406219482422,926
6,Building_229,2,0.03323221206665039,927
6,NoHouse,1,0.017856836318969727,928
6,Building_229,3,0.04712033271789551,929
6,NoHouse,1,0.022319555282592773,930
6,Building_229,1,0.010911226272583008,931
6,Building_227,2,0.03372836112976074,932
6,NoHouse,14,0.22171258926391602,933
6,TaskBuilding_7,2,0.044638872146606445,934
6,NoHouse,4,0.06844878196716309,935
6,Building_220,1,0.010912418365478516,936
6,NoHouse,1,0.01140737533569336,937
6,Building_220,1,0.011415243148803711,938
6,TaskBuilding_7,11,0.17756080627441406,939
6,NoHouse,97,1.6873927116394043,940
6,TaskBuilding_7,1,0.011904001235961914,941
6,NoHouse,3,0.06646394729614258,942
6,TaskBuilding_7,2,0.021825313568115234,943
6,Building_220,15,0.2227027416229248,944
6,TaskBuilding_7,1,0.010911941528320312,945
6,NoHouse,99,1.6660659313201904,946
6,Building_221,105,1.6859028339385986,947
6,NoHouse,1,0.022320032119750977,948
6,TaskBuilding_45,12,0.1567363739013672,949
6,NoHouse,1,0.011904239654541016,950
6,Building_223,2,0.04463911056518555,951
6,NoHouse,176,2.763713836669922,952
6,Building_223,31,0.5565111637115479,953
6,NoHouse,153,2.399153709411621,954
6,Building_221,9,0.11110401153564453,955
6,NoHouse,3,0.033727407455444336,956
6,Building_221,2,0.022320270538330078,957
6,TaskBuilding_7,23,0.366544246673584,958
6,Building_221,15,0.24353551864624023,959
7,NoHouse,139,2.037071466445923,960
7,Building_211,1,0.02182459831237793,961
7,NoHouse,2,0.02231907844543457,962
7,Building_211,2,0.033231496810913086,963
7,NoHouse,5,0.06646442413330078,964
7,Building_211,3,0.054559946060180664,965
7,NoHouse,54,0.778223991394043,966
7,Building_214,3,0.04464101791381836,967
7,NoHouse,3,0.05531620979309082,968
7,TaskBuilding_48,4,0.07810783386230469,969
7,NoHouse,143,2.1461920738220215,970
7,Building_225,1,0.008433103561401367,971
7,NoHouse,186,2.9194560050964355,972
7,Building_231,16,0.2782564163208008,973
7,NoHouse,113,1.7667522430419922,974
7,Building_232,1,0.022816181182861328,975
7,NoHouse,15,0.2440321445465088,976
7,Building_232,3,0.0441439151763916,977
7,NoHouse,88,1.3967366218566895,978
7,Building_140,1,0.02182316780090332,979
7,NoHouse,1,0.011904716491699219,980
7,Building_140,11,0.17707157135009766,981
7,NoHouse,342,5.445089817047119,982
7,Building_139,1,0.011407613754272461,983
7,NoHouse,1,0.02232050895690918,984
7,Building_139,1,0.010911941528320312,985
7,NoHouse,24,0.39977598190307617,986
7,Building_139,1,0.021823406219482422,987
7,NoHouse,1,0.011408329010009766,988
7,Building_232,1,0.022320270538330078,989
7,NoHouse,82,1.487999439239502,990
7,Building_139,4,0.0332331657409668,991
7,NoHouse,1,0.02182292938232422,992
7,Building_139,5,0.07787227630615234,993
7,NoHouse,4,0.05505537986755371,994
7,Building_139,2,0.033728599548339844,995
7,NoHouse,304,5.0755696296691895,996
7,Building_152,4,0.07687973976135254,997
7,TaskBuilding_39,1,0.011408090591430664,998
7,Building_152,12,0.1998882293701172,999
7,NoHouse,67,1.0222561359405518,1000
7,TaskBuilding_26,1,0.02281498908996582,1001
7,NoHouse,12,0.209808349609375,1002
7,TaskBuilding_26,1,0.011408805847167969,1003
7,NoHouse,1,0.011408090591430664,1004
7,TaskBuilding_26,10,0.1344151496887207,1005
7,NoHouse,18,0.33182406425476074,1006
7,TaskBuilding_26,8,0.12201595306396484,1007
7,NoHouse,53,0.8774259090423584,1008
7,Building_141,6,0.07787060737609863,1009
7,NoHouse,3,0.03273606300354004,1010
7,Building_141,9,0.1666560173034668,1011
7,NoHouse,2,0.022816896438598633,1012
7,Windmill-TaskBuilding_10_1,8,0.1334233283996582,1013
7,NoHouse,226,3.8757450580596924,1014
7,Building_147,1,0.01091146469116211,1015
7,NoHouse,2,0.02232050895690918,1016
7,Building_147,1,0.022320985794067383,1017
7,NoHouse,1,0.011407136917114258,1018
7,Building_147,11,0.18847990036010742,1019
7,NoHouse,1,0.011407852172851562,1020
7,Building_147,9,0.166656494140625,1021
7,NoHouse,1,0.021823883056640625,1022
7,Building_147,3,0.05604815483093262,1023
7,NoHouse,2,0.033231496810913086,1024
7,Building_147,3,0.06745600700378418,1025
7,NoHouse,32,0.514484167098999,1026
7,Building_147,1,0.01822066307067871,1027
7,Building_152,4,0.07737541198730469,1028
7,TaskBuilding_39,34,0.543616533279419,1029
7,NoHouse,97,1.5445442199707031,1030
7,Building_147,1,0.021329402923583984,1031
7,Building_152,13,0.20038270950317383,1032
7,TaskBuilding_39,27,0.432513952255249,1033
7,NoHouse,63,1.0331668853759766,1034
7,Building_152,5,0.08878374099731445,1035
7,Building_161,1,0.02232050895690918,1036
7,TaskBuilding_39,3,0.0451359748840332,1037
7,TaskBuilding_35,1,0.02132868766784668,1038
7,TaskBuilding_39,1,0.011406898498535156,1039
7,TaskBuilding_35,3,0.06596732139587402,1040
7,NoHouse,1,0.011408329010009766,1041
7,Building_161,3,0.06646466255187988,1042
7,NoHouse,1,0.01091146469116211,1043
7,Building_152,11,0.16715192794799805,1044
7,NoHouse,142,2.177441120147705,1045
7,TaskBuilding_39,22,0.3997764587402344,1046
8,Building_141,10,0.1344146728515625,1047
8,NoHouse,4,0.05604839324951172,1048
8,Building_141,1,0.010912179946899414,1049
8,NoHouse,17,0.23460793495178223,1050
8,Building_141,4,0.044638872146606445,1051
8,NoHouse,3,0.034224510192871094,1052
8,Building_141,16,0.20038509368896484,1053
8,NoHouse,3,0.044144392013549805,1054
8,Building_141,1,0.022815942764282227,1055
8,NoHouse,2,0.021823406219482422,1056
8,Building_141,1,0.010911941528320312,1057
8,NoHouse,2,0.022815704345703125,1058
8,Building_141,1,0.021824359893798828,1059
8,NoHouse,9,0.14433598518371582,1060
8,Building_141,39,0.5778398513793945,1061
8,NoHouse,4,0.06646442413330078,1062
8,Building_141,1,0.022319555282592773,1063
8,NoHouse,12,0.22220802307128906,1064
8,Building_141,1,0.02232050895690918,1065
8,NoHouse,2,0.0441439151763916,1066
8,Building_141,1,0.010911703109741211,1067
8,NoHouse,17,0.2470078468322754,1068
8,Building_141,2,0.04067230224609375,1069
8,NoHouse,3,0.03323221206665039,1070
8,Building_141,1,0.010911941528320312,1071
8,NoHouse,3,0.04414486885070801,1072
8,Building_141,2,0.022815227508544922,1073
8,NoHouse,9,0.14433526992797852,1074
8,Building_141,11,0.14483261108398438,1075
8,NoHouse,1,0.011407852172851562,1076
8,Building_141,4,0.04422259330749512,1077
8,NoHouse,1,0.0118255615234375,1078
8,Building_141,1,0.022320032119750977,1079
8,NoHouse,1,0.010911703109741211,1080
8,Building_141,1,0.010912418365478516,1081
8,NoHouse,1,0.010912418365478516,1082
8,Building_141,1,0.011407852172851562,1083
8,NoHouse,1,0.022319793701171875,1084
8,Building_141,4,0.06646347045898438,1085
8,NoHouse,1,0.010912418365478516,1086
8,Building_141,11,0.17806529998779297,1087
8,NoHouse,1,0.021822214126586914,1088
8,Building_141,1,0.022084951400756836,1089
8,NoHouse,63,0.9649562835693359,1090
8,Building_147,4,0.05555224418640137,1091
8,NoHouse,15,0.23510336875915527,1092
8,Building_147,4,0.07737612724304199,1093
8,NoHouse,90,1.3327522277832031,1094
8,Building_98,1,0.011408567428588867,1095
8,NoHouse,7,0.09969592094421387,1096
8,Building_98,2,0.033231258392333984,1097
8,NoHouse,2,0.03372907638549805,1098
8,Building_147,1,0.021822690963745117,1099
8,TaskBuilding_31,11,0.17806482315063477,1100
8,Building_147,2,0.03323221206665039,1101
8,NoHouse,52,0.8432002067565918,1102
8,Building_147,7,0.11060810089111328,1103
8,NoHouse,1,0.011407852172851562,1104
8,Building_147,4,0.07886409759521484,1105
8,NoHouse,114,1.7548484802246094,1106
8,Building_150,2,0.03323197364807129,1107
8,NoHouse,2,0.021823883056640625,1108
8,Building_150,1,0.011408090591430664,1109
8,NoHouse,1,0.010911941528320312,1110
8,Building_150,28,0.45532917976379395,1111
8,NoHouse,76,1.2112312316894531,1112
8,Building_150,15,0.2549440860748291,1113
8,NoHouse,2,0.03372788429260254,1114
8,Building_150,1,0.011408805847167969,1115
8,NoHouse,6,0.0882878303527832,1116
8,Building_151,1,0.010911941528320312,1117
8,NoHouse,2,0.022319555282592773,1118
8,Building_151,1,0.021824121475219727,1119
8,Building_161,1,0.011407852172851562,1120
8,NoHouse,1,0.022320032119750977,1121
8,TaskBuilding_35,38,0.610576868057251,1122
8,NoHit,2,0.03323054313659668,1123
8,HighSilo-TaskBuilding_49,26,0.42011308670043945,1124
8,NoHit,1,0.011407852172851562,1125
8,NoHouse,1,0.010596513748168945,1126
8,TaskBuilding_35,16,0.22450780868530273,1127
8,NoHouse,87,1.454768180847168,1128
8,Building_164,1,0.010912179946899414,1129
8,NoHouse,109,1.6883840560913086,1130
8,Building_167,2,0.021824121475219727,1131
8,NoHouse,1,0.011903047561645508,1132
8,Building_167,3,0.032737016677856445,1133
8,NoHouse,18,0.3333120346069336,1134
8,Building_171,1,0.010912418365478516,1135
8,NoHouse,1,0.010912179946899414,1136
8,TaskBuilding_46,1,0.01140737533569336,1137
8,NoHouse,26,0.4776487350463867,1138
8,Building_163,1,0.021823644638061523,1139
8,TaskBuilding_35,24,0.4002716541290283,1140
8,House_49,1,0.011408329010009766,1141
8,NoHouse,2,0.03273582458496094,1142
8,Building_163,1,0.011408090591430664,1143
8,NoHouse,78,1.2216484546661377,1144
8,Building_166,1,0.011126041412353516,1145
8,NoHouse,38,0.7333688735961914,1146
8,Building_171,15,0.25544095039367676,1147
8,Building_169,5,0.07787156105041504,1148
8,NoHouse,26,0.42110466957092285,1149
8,Building_167,20,0.30057501792907715,1150
8,NoHouse,35,0.6328959465026855,1151
8,Building_168,14,0.21041083335876465,1152
8,NoHouse,48,0.8222615718841553,1153
8,Building_167,14,0.2489922046661377,1154
8,NoHouse,34,0.4950087070465088,1155
8,Building_167,9,0.1334230899810791,1156
8,NoHouse,2,0.03323793411254883,1157
8,Building_167,2,0.022314786911010742,1158
8,NoHouse,13,0.23311996459960938,1159
8,Building_167,3,0.055552005767822266,1160
8,NoHouse,1,0.011408090591430664,1161
8,Building_167,1,0.021825313568115234,1162
8,NoHouse,1,0.011406660079956055,1163
8,Building_167,2,0.02182459831237793,1164
8,NoHouse,2,0.03372764587402344,1165
8,Building_167,2,0.0441441535949707,1166
8,NoHouse,1,0.022319555282592773,1167
8,Building_167,4,0.07787299156188965,1168
8,NoHouse,6,0.09969496726989746,1169
8,Building_168,2,0.022320270538330078,1170
8,NoHouse,1,0.022815942764282227,1171
8,Building_168,4,0.06547331809997559,1172
8,NoHouse,1,0.011407136917114258,1173
8,Building_168,3,0.03273582458496094,1174
8,NoHouse,2,0.03372764587402344,1175
8,TaskBuilding_42,16,0.3109922409057617,1176
8,Building_173,4,0.06695938110351562,1177
8,Building_175,17,0.2772650718688965,1178
8,NoHouse,1,0.022319555282592773,1179
8,Building_175,1,0.021824359893798828,1180
8,NoHouse,1,0.02232050895690918,1181
8,Building_173,1,0.022319555282592773,1182
8,TaskBuilding_42,58,0.9771201610565186,1183
8,NoHouse,39,0.556016206741333,1184
8,TaskBuilding_42,2,0.04364776611328125,1185
8,NoHouse,3,0.04463958740234375,1186
8,TaskBuilding_42,1,0.011904239654541016,1187
8,NoHouse,2,0.021824359893798828,1188
8,TaskBuilding_42,5,0.0892801284790039,1189
8,NoHouse,1,0.021327495574951172,1190
8,Building_173,17,0.2787516117095947,1191
8,NoHouse,2,0.03224039077758789,1192
8,Building_173,1,0.011408805847167969,1193
8,NoHouse,2,0.022319316864013672,1194
8,Building_173,2,0.044144392013549805,1195
8,NoHouse,4,0.08878374099731445,1196
8,Building_173,35,0.5441117286682129,1197
8,NoHouse,34,0.5664322376251221,1198
8,crane_2,1,0.011408805847167969,1199
8,Building_215,1,0.01091146469116211,1200
8,crane_2,1,0.01091313362121582,1201
8,Building_215,1,0.011902332305908203,1202
8,crane_2,2,0.03323221206665039,1203
8,NoHit,4,0.054065704345703125,1204
8,NoHouse,56,0.9676954746246338,1205
8,Building_174,1,0.010912656784057617,1206
8,Building_173,2,0.023311138153076172,1207
8,TaskBuilding_42,9,0.14334416389465332,1208
8,Building_173,3,0.03323221206665039,1209
8,TaskBuilding_42,1,0.011407852172851562,1210
8,Building_173,13,0.19939136505126953,1211
8,Building_174,1,0.010913372039794922,1212
8,NoHouse,283,4.853360652923584,1213
8,TaskBuilding_42,4,0.07787179946899414,1214
8,NoHouse,4,0.06695985794067383,1215
8,TaskBuilding_42,2,0.033232927322387695,1216
8,NoHouse,26,0.38886308670043945,1217
8,TaskBuilding_42,14,0.23262429237365723,1218
8,NoHouse,25,0.43300771713256836,1219
8,Building_172,31,0.4890580177307129,1220
8,NoHouse,7,0.10019135475158691,1221
8,Building_172,13,0.18897557258605957,1222
8,NoHouse,37,0.565936803817749,1223
8,Building_172,15,0.26635026931762695,1224
8,NoHouse,443,7.263426780700684,1225
8,TaskBuilding_50,1,0.011407613754272461,1226
8,NoHouse,30,0.4325127601623535,1227
8,TaskBuilding_52,2,0.03422427177429199,1228
8,NoHouse,1,0.010911703109741211,1229
8,TaskBuilding_52,2,0.02182316780090332,1230
8,NoHouse,46,0.799553394317627,1231
8,TaskBuilding_52,1,0.01190328598022461,1232
8,NoHouse,7,0.09969615936279297,1233
8,Building_194,1,0.02182483673095703,1234
8,NoHouse,616,10.107490539550781,1235
8,Building_176,1,0.020335912704467773,1236
8,NoHouse,58,0.9230556488037109,1237
8,Building_176,1,0.010912418365478516,1238
8,NoHouse,1,0.011407852172851562,1239
8,Building_176,3,0.036704063415527344,1240
8,NoHouse,1,0.006943941116333008,1241
8,Building_176,3,0.03323245048522949,1242
8,NoHouse,53,0.9111521244049072,1243
8,Building_176,1,0.021823883056640625,1244
8,TaskBuilding_40,14,0.22220802307128906,1245
8,NoHouse,75,1.2905926704406738,1246
8,TaskBuilding_40,24,0.42011284828186035,1247
8,NoHouse,6,0.08878278732299805,1248
8,TaskBuilding_40,8,0.10019326210021973,1249
8,NoHouse,77,1.189903736114502,1250
8,Building_170,5,0.07836794853210449,1251
8,NoHouse,1,0.021823883056640625,1252
8,TaskBuilding_41,35,0.44441652297973633,1253
8,Building_170,16,0.25543975830078125,1254
8,NoHouse,77,1.210956335067749,1255
8,Building_170,1,0.010692358016967773,1256
8,TaskBuilding_41,25,0.4002711772918701,1257
8,Building_170,1,0.021460771560668945,1258
8,NoHouse,126,1.9744446277618408,1259
9,NoHouse,460,6.9444968700408936,1260
9,TaskBuilding_40,1,0.011408090591430664,1261
9,NoHouse,1,0.02182459831237793,1262
9,TaskBuilding_40,4,0.056047677993774414,1263
9,NoHouse,3,0.04364800453186035,1264
9,TaskBuilding_40,3,0.056047916412353516,1265
9,NoHouse,4,0.056047916412353516,1266
9,TaskBuilding_40,2,0.045136213302612305,1267
9,NoHouse,10,0.15574383735656738,1268
9,TaskBuilding_40,1,0.010415315628051758,1269
9,NoHouse,2,0.02281665802001953,1270
9,TaskBuilding_40,22,0.344224214553833,1271
9,NoHouse,9,0.12201595306396484,1272
9,Building_176,2,0.021823406219482422,1273
9,NoHouse,14,0.23163247108459473,1274
9,Building_176,1,0.011904001235961914,1275
9,NoHouse,7,0.11060810089111328,1276
9,Building_176,1,0.010911941528320312,1277
9,TaskBuilding_40,18,0.3010721206665039,1278
9,NoHouse,25,0.3893609046936035,1279
9,TaskBuilding_40,2,0.022319555282592773,1280
9,NoHouse,16,0.2217109203338623,1281
9,TaskBuilding_40,1,0.011407852172851562,1282
9,NoHouse,4,0.06646513938903809,1283
9,TaskBuilding_40,8,0.14483213424682617,1284
9,NoHouse,44,0.7216796875,1285
9,TaskBuilding_40,4,0.06696033477783203,1286
9,NoHouse,2,0.021824121475219727,1287
9,TaskBuilding_40,2,0.022319793701171875,1288
9,NoHouse,1,0.02232050895690918,1289
9,TaskBuilding_40,5,0.09969568252563477,1290
9,NoHouse,34,0.5222880840301514,1291
9,TaskBuilding_40,20,0.3104972839355469,1292
9,NoHouse,11,0.16715192794799805,1293
9,TaskBuilding_40,1,0.010909795761108398,1294
9,NoHouse,657,10.816771030426025,1295
9,Building_159,16,0.2107999324798584,1296
9,Building_102,1,0.01091313362121582,1297
9,NoHouse,13,0.18947052955627441,1298
9,Building_92,1,0.022320270538330078,1299
9,NoHouse,2,0.021823883056640625,1300
9,Building_92,10,0.1666562557220459,1301
9,NoHouse,128,2.198273181915283,1302
9,Building_102,1,0.011408090591430664,1303
9,NoHouse,2,0.03323197364807129,1304
9,Building_102,1,0.02182483673095703,1305
9,NoHouse,2,0.022814512252807617,1306
9,Building_102,1,0.02182483673095703,1307
9,NoHouse,4,0.07787179946899414,1308
9,Building_102,37,0.5222878456115723,1309
9,NoHouse,12,0.1785600185394287,1310
9,Building_176,3,0.06646442413330078,1311
9,Building_92,1,0.021327495574951172,1312
9,Building_176,23,0.36704015731811523,1313
9,NoHouse,7,0.13292860984802246,1314
9,Building_92,12,0.16715097427368164,1315
9,NoHouse,5,0.08928108215332031,1316
9,Building_92,2,0.0431516170501709,1317
9,NoHouse,1,0.011407613754272461,1318
9,Building_92,4,0.07787251472473145,1319
9,NoHouse,8,0.1215200424194336,1320
9,TaskBuilding_19,2,0.022816181182861328,1321
9,NoHouse,1,0.021823644638061523,1322
9,TaskBuilding_19,3,0.05604815483093262,1323
9,NoHouse,5,0.08878445625305176,1324
9,TaskBuilding_19,2,0.022319793701171875,1325
9,NoHouse,6,0.11159992218017578,1326
9,TaskBuilding_19,1,0.021823406219482422,1327
9,NoHouse,62,0.9875366687774658,1328
9,Building_102,12,0.22369599342346191,1329
9,NoHouse,2,0.03273630142211914,1330
9,Building_102,25,0.3665432929992676,1331
9,NoHouse,82,1.409632921218872,1332
9,Building_92,17,0.2891688346862793,1333
9,NoHouse,4,0.08878421783447266,1334
9,Building_92,5,0.08878302574157715,1335
9,NoHouse,1,0.011408567428588867,1336
9,Building_92,1,0.022319793701171875,1337
9,NoHouse,3,0.033231496810913086,1338
9,Building_92,2,0.03273606300354004,1339
9,NoHouse,1,0.011408567428588867,1340
9,Building_92,3,0.06646370887756348,1341
9,NoHouse,8,0.13392019271850586,1342
9,Building_92,4,0.06596779823303223,1343
9,NoHouse,274,4.564194440841675,1344
9,Building_92,39,0.6001589298248291,1345
9,NoHouse,20,0.29958438873291016,1346
9,Building_92,28,0.500960111618042,1347
9,NoHouse,1,0.020831823348999023,1348
9,Building_92,1,0.011408567428588867,1349
9,NoHouse,2,0.04463934898376465,1350
9,Building_92,10,0.16715168952941895,1351
9,NoHouse,1,0.01140904426574707,1352
9,Building_92,1,0.02132868766784668,1353
9,NoHouse,108,1.6715192794799805,1354
9,Building_103,1,0.018352508544921875,1355
9,TaskBuilding_29,1,0.020335674285888672,1356
9,Building_103,8,0.1225118637084961,1357
9,TaskBuilding_29,23,0.3774561882019043,1358
9,Building_103,1,0.02182459831237793,1359
9,Building_94,1,0.01091146469116211,1360
9,NoHouse,96,1.5222241878509521,1361
9,Building_89,1,0.010912179946899414,1362
9,NoHouse,204,3.3871846199035645,1363
9,Building_94,26,0.44441723823547363,1364
9,NoHouse,47,0.8218727111816406,1365
9,Building_91,12,0.16615891456604004,1366
9,NoHit,4,0.07836771011352539,1367
9,NoHouse,62,1.0435841083526611,1368
9,Building_94,4,0.07787227630615234,1369
9,NoHouse,2,0.03323173522949219,1370
9,Building_94,46,0.6884489059448242,1371
9,NoHouse,313,5.075569152832031,1372
9,Building_89,1,0.022319793701171875,1373
9,NoHouse,12,0.22220802307128906,1374
9,Building_91,30,0.5103847980499268,1375
9,NoHouse,23,0.3784477710723877,1376
9,Windmill-TaskBuilding_10_1,7,0.11060810089111328,1377
9,NoHouse,7,0.09969568252563477,1378
9,Windmill-TaskBuilding_10_1,33,0.5441126823425293,1379
9,NoHouse,79,1.321840524673462,1380
9,Building_94,46,0.7216806411743164,1381
9,NoHouse,18,0.3223998546600342,1382
9,NoHit,1,0.011903762817382812,1383
9,Windmill-TaskBuilding_10_1,23,0.3764643669128418,1384
9,NoHouse,448,7.043201446533203,1387
9,Windmill-TaskBuilding_10_1,90,1.3535850048065186,1388
9,NoHouse,1329,21.324037790298462,1389
9,Windmill-TaskBuilding_10_1,1,0.021825075149536133,1394
9,NoHouse,2,0.033727169036865234,1395
9,Windmill-TaskBuilding_10_1,4,0.06596732139587402,1396
9,NoHouse,3,0.04563164710998535,1397
9,Windmill-TaskBuilding_10_1,2,0.03174471855163574,1398
9,NoHouse,299,4.787889242172241,1399
9,Building_89,29,0.48856019973754883,1404
9,NoHouse,60,0.9865446090698242,1405
9,NoHit,65,1.1016178131103516,1406
9,NoHouse,186,2.8321588039398193,1407
9,Building_64,1,0.010911941528320312,1408
9,Building_68,1,0.011904239654541016,1409
9,NoHouse,3,0.055056095123291016,1410
9,Building_68,1,0.021823644638061523,1411
9,NoHouse,1,0.011408090591430664,1412
9,Building_68,1,0.022319793701171875,1413
9,NoHouse,2,0.044640302658081055,1414
9,Building_68,1,0.021823644638061523,1415
9,NoHouse,2,0.022320270538330078,1416
9,Building_72,3,0.04464006423950195,1417
9,NoHouse,8,0.12201595306396484,1418
9,Building_72,1,0.010911941528320312,1419
9,NoHouse,1,0.011408090591430664,1420
9,Building_72,1,0.021824121475219727,1421
9,NoHouse,31,0.4776482582092285,1422
9,Building_74,15,0.24452853202819824,1423
9,NoHouse,2,0.04375934600830078,1424
9,Building_74,15,0.23338007926940918,1425
9,NoHouse,17,0.2644929885864258,1426
9,TaskBuilding_14,19,0.3109917640686035,1427
9,NoHouse,14,0.23559999465942383,1428
9,Building_80,1,0.010911941528320312,1429
9,Building_86,1,0.010910987854003906,1430
9,NoHouse,14,0.2440323829650879,1431
9,TaskBuilding_14,16,0.2782564163208008,1432
9,NoHouse,10,0.17707228660583496,1433
9,Building_75,2,0.022816181182861328,1434
9,NoHouse,1,0.010912895202636719,1435
9,Building_75,2,0.02231907844543457,1436
9,NoHouse,217,3.597984552383423,1437
