,PathNumber,ColliderName,Samples,timeDiff,Index,HMD_x,HMD_y,HMD_z,transformed_HMD_x,transformed_HMD_y
0,7,NoHouse,75,1.199822187423706,13564,268.86880493164057,-0.02256786823272705,-35.654754638671875,3155.586351602822,1898.8874163973464
1,7,Phone,54,0.8327832221984863,13565,269.24508666992193,-0.04549950361251831,-36.52095031738281,3157.131152238371,1895.3221591875854
2,7,NoHouse,16,0.2117919921875,13566,269.2495880126953,-0.055640101432800286,-36.523536682128906,3157.1495743082187,1895.3115001334322
3,7,Phone,54,0.8655188083648682,13567,269.26934814453125,-0.06620132923126221,-36.51609802246094,3157.2307936521847,1895.3420238782523
4,7,NoHouse,16,0.2331197261810303,13568,269.2725830078125,-0.06909477710723877,-36.510009765625,3157.2440826012007,1895.3670590285124
5,7,Phone,51,0.7439994812011719,13569,269.27105712890625,-0.06842470169067383,-36.50294494628906,3157.237820491428,1895.3961313052687
6,7,Hand,1,0.01140737533569336,13570,269.27029418945307,-0.050801992416381836,-36.50306701660156,3157.2346871331874,1895.3956321851797
7,7,NoHouse,7,0.07737588882446289,13571,269.26651000976557,-0.04372215270996094,-36.50384521484375,3157.2191455670163,1895.3924459058812
8,7,Phone,2,0.02232027053833008,13572,269.26498413085943,-0.04335421323776245,-36.50334930419922,3157.2128793164525,1895.3944923841964
9,7,Hand,2,0.03323173522949219,13573,269.26568603515625,-0.042979180812835686,-36.50231170654297,3157.215762589288,1895.3987584145902
10,7,Phone,2,0.033727169036865234,13574,269.2664337158203,-0.04253590106964111,-36.50128173828125,3157.218771188578,1895.4029929320732
11,7,Hand,3,0.033728837966918945,13575,269.26739501953125,-0.041837334632873535,-36.50018310546875,3157.222782481222,1895.4075089567173
12,7,Phone,129,2.0638532638549805,13576,269.27969360351557,-0.0754079818725586,-36.497467041015625,3157.2732926867825,1895.4186333896773
13,7,NoHouse,28,0.4126718044281006,13577,269.279541015625,-0.036890506744384766,-36.47824096679688,3157.2726781510687,1895.497733919673
14,7,TaskBuilding_12,1,0.010911941528320312,13578,269.28012084960943,-0.013006806373596191,-36.41082763671875,3157.2751019443604,1895.7750835923448
15,7,NoHouse,10,0.14433550834655762,13579,269.2778625488282,-0.01248091459274292,-36.39836120605469,3157.2658352869757,1895.8263822103854
16,7,TaskBuilding_11,2,0.03323197364807129,13580,269.2720489501953,-0.013076841831207277,-36.38981628417969,3157.241902391669,1895.8615614762857
17,7,Building_64,4,0.06696009635925293,13581,269.27035522460943,-0.01294243335723877,-36.38953399658203,3157.2350093466607,1895.862729694194
18,7,NoHit,5,0.06646347045898438,13584,269.26498413085943,-0.010144352912902832,-36.38766479492188,3157.2129522099626,1895.8704418250904
19,7,NoHouse,1,0.010912418365478516,13585,269.2592163085937,-0.009113311767578123,-36.38568115234375,3157.1892658356373,1895.8786264043101
20,7,Building_64,1,0.010911941528320312,13586,269.25808715820307,-0.008875370025634766,-36.38546752929688,3157.184628710206,1895.8795098875207
21,7,NoHouse,3,0.05555152893066406,13587,269.255859375,-0.00805044174194336,-36.38514709472656,3157.1754797231565,1895.880837285331
22,7,Building_67,14,0.2331202030181885,13588,269.24295043945307,-4.374980926513672e-05,-36.38550567626953,3157.122464328353,1895.8794145308657
23,7,NoHouse,4,0.06695985794067383,13589,269.22100830078125,0.0060106515884399405,-36.383155822753906,3157.03235252968,1895.8891715897585
24,7,Building_83,14,0.2107996940612793,13590,269.19488525390625,0.011047840118408205,-36.38150024414063,3156.925069852174,1895.8960892731925
25,7,NoHouse,8,0.1334238052368164,13591,269.1693420410157,0.013863027095794678,-36.38896179199219,3156.8201627045296,1895.8654948496433
26,7,Building_83,1,0.010910987854003906,13592,269.16616821289057,0.0141679048538208,-36.39170837402344,3156.8071265019985,1895.8542077548354
27,7,NoHouse,1,0.01091313362121582,13593,269.16558837890625,0.014309167861938475,-36.39234924316406,3156.8047448007055,1895.8515734454272
28,7,Building_83,1,0.01091146469116211,13594,269.164306640625,0.014546632766723631,-36.3936767578125,3156.7994800432825,1895.8461169897796
29,7,TaskBuilding_1,62,1.0108468532562256,13595,269.1317749023437,0.014772474765777588,-36.420448303222656,3156.66585981895,1895.7361056478162
30,7,Building_113,9,0.1666560173034668,13596,269.11444091796875,0.010673761367797852,-36.457763671875,3156.5946480907974,1895.582653012622
31,7,NoHouse,1,0.022320032119750977,13597,269.11526489257807,0.010105133056640623,-36.46113586425781,3156.598029929185,1895.5687757679266
32,7,Building_113,3,0.06646370887756348,13598,269.1160888671875,0.00979018211364746,-36.462646484375,3156.6014129344335,1895.5625574151827
33,7,Building_combined_115_116,16,0.25543999671936035,13599,269.12176513671875,0.010523319244384766,-36.4712142944336,3156.624719232035,1895.5272846023772
34,7,TaskBuilding_20,2,0.022319793701171875,13600,269.12338256835943,0.01193445920944214,-36.47838592529297,3156.6313573069333,1895.4977724658397
35,7,NoHouse,2,0.03323221206665039,13601,269.12277221679693,0.011696040630340576,-36.480018615722656,3156.628849652358,1895.4910577246096
36,7,Building_121,9,0.14483118057250974,13602,269.12020874023443,0.010837316513061523,-36.48318481445313,3156.618319817652,1895.4780417573747
37,7,NoHouse,1,0.010912418365478516,13603,269.11819458007807,0.010489225387573242,-36.48530578613281,3156.610046606,1895.4693238347681
38,7,Building_121,3,0.0441436767578125,13604,269.1176147460937,0.010213732719421387,-36.48570251464844,3156.60766505792,1895.4676939698925
39,7,Building_131,4,0.05555224418640137,13605,269.1159210205078,0.009521543979644777,-36.48605346679688,3156.6006462712753,1895.4662570291835
40,7,NoHouse,1,0.011407852172851562,13606,269.1151123046875,0.009129643440246582,-36.48591613769531,3156.597387737088,1895.4668252552192
41,7,Building_131,2,0.03372812271118164,13607,269.1146240234375,0.008855342864990234,-36.48567962646485,3156.5953825805445,1895.4678002960882
42,7,NoHouse,1,0.021823644638061523,13608,269.11386108398443,0.008637309074401855,-36.485107421875,3156.5922496504404,1895.4701575649137
43,7,Building_131,13,0.1666562557220459,13609,269.11160278320307,0.008275508880615234,-36.48188781738281,3156.582977133447,1895.4834128595717
44,7,NoHouse,15,0.2440314292907715,13610,269.10671997070307,0.007583498954772948,-36.470611572265625,3156.5629311501048,1895.5298255017838
45,7,TaskBuilding_20,13,0.23311996459960935,13611,269.09539794921875,0.007978200912475586,-36.46141052246094,3156.5164388958137,1895.5677265561021
46,7,NoHouse,4,0.06695938110351562,13612,269.0864715576172,0.00797581672668457,-36.462379455566406,3156.479841458738,1895.563776401992
47,7,Building_120,1,0.010912418365478516,13613,269.08383178710943,0.007711768150329591,-36.46282958984375,3156.468937325876,1895.561935253062
48,7,NoHouse,6,0.11110377311706544,13614,269.0789031982422,0.006982982158660889,-36.46321868896485,3156.4487586902837,1895.560354398544
49,7,Building_119,1,0.010911941528320312,13615,269.07449340820307,0.00617218017578125,-36.4632568359375,3156.4305855792522,1895.5602154481476
50,7,NoHouse,8,0.1334228515625,13616,269.06805419921875,0.00501638650894165,-36.463539123535156,3156.4041404253767,1895.559080243062
51,7,TaskBuilding_20,4,0.07787299156188965,13617,269.06185913085943,0.00373309850692749,-36.46467590332031,3156.378697387694,1895.5544284870607
52,7,NoHouse,1,0.021823644638061523,13618,269.05953979492193,0.003263235092163086,-36.46568298339844,3156.3691715511136,1895.550294582089
53,7,TaskBuilding_20,8,0.14433622360229492,13619,269.0569915771484,0.002627968788146973,-36.46757507324219,3156.358642507266,1895.542520556076
54,7,NoHouse,1,0.011407852172851562,13620,269.05380249023443,0.001928329467773437,-36.46955871582031,3156.3456067724974,1895.5343723448268
55,7,Building_combined_115_116,18,0.3109912872314453,13621,269.0497436523437,0.0012780427932739258,-36.47048950195313,3156.3289370772395,1895.5305594017755
56,7,Building_113,9,0.15574383735656738,13622,269.04949951171875,0.001390695571899414,-36.46853637695313,3156.3279356454127,1895.5385959560126
57,7,NoHouse,12,0.16616034507751465,13623,269.0496826171875,0.0021924972534179688,-36.45759582519531,3156.3286944785164,1895.5836069144589
58,7,Building_combined_115_116,2,0.03372764587402344,13624,269.0500640869141,0.002132713794708252,-36.45086669921875,3156.3303279994066,1895.611290325955
59,7,NoHouse,1,0.021824359893798828,13625,269.05020141601557,0.002127408981323242,-36.44973754882813,3156.330830032442,1895.6159353894282
60,7,Building_combined_115_116,16,0.2217113971710205,13626,269.0518798828125,0.0034862160682678227,-36.44267272949219,3156.3377276946653,1895.6449947026185
61,7,NoHouse,22,0.311983585357666,13627,269.0531005859375,0.004824221134185791,-36.439979553222656,3156.342742647115,1895.6560700269251
62,7,TaskBuilding_20,16,0.2881755828857422,13628,269.05018615722656,0.0020491480827331547,-36.44084167480469,3156.3307102649655,1895.6525349942171
63,7,NoHouse,1,0.011408329010009766,13629,269.04904174804693,0.0019383430480957031,-36.441802978515625,3156.326072390806,1895.64858458248
64,7,Building_combined_115_116,3,0.05555176734924317,13630,269.04888916015625,0.0019207000732421875,-36.44203186035156,3156.3254455891474,1895.6476435354252
65,7,NoHouse,17,0.2891674041748047,13631,269.04898071289057,0.0013337135314941404,-36.44000244140625,3156.325822853564,1895.6559926162313
66,7,TaskBuilding_1,1,0.021824121475219727,13632,269.04959106445307,-0.0005509853363037108,-36.43391418457031,3156.3283332956134,1895.6810384942773
67,7,NoHouse,6,0.10019183158874513,13633,269.0506134033203,-0.001369476318359375,-36.42975616455078,3156.3324718426466,1895.6981413619037
68,7,TaskBuilding_1,15,0.23212790489196775,13634,269.05938720703125,0.0005867481231689452,-36.42837524414063,3156.3685682355367,1895.7037870079962
69,7,NoHouse,37,0.5451033115386963,13635,269.0718994140625,-0.017647504806518555,-36.411468505859375,3156.41996480662,1895.7732939688358
70,7,Phone,2,0.033231258392333984,13636,269.06021118164057,-0.0267450213432312,-36.41696166992188,3156.371959332618,1895.7507414884303
71,7,NoHouse,2,0.03306102752685547,13637,269.0602264404297,-0.027323603630065918,-36.41664123535156,3156.37208486481,1895.752059699225
72,7,Phone,10,0.13359546661376953,13638,269.061279296875,-0.029179632663726807,-36.415611267089844,3156.3763467869303,1895.75629298359
73,7,NoHouse,1,0.010911703109741213,13639,269.06228637695307,-0.029066085815429688,-36.41622924804688,3156.3804823461433,1895.7537463838466
74,7,Phone,1,0.010912179946899414,13640,269.06228637695307,-0.028836488723754883,-36.4163818359375,3156.3804822506618,1895.7531186053125
75,7,NoHouse,43,0.6542232036590576,13641,269.05966186523443,-0.029919743537902832,-36.41815185546875,3156.369702617392,1895.7458470503589
76,7,TaskBuilding_1,3,0.055552005767822266,13642,269.05279541015625,-0.03422808647155762,-36.41947937011719,3156.341502153843,1895.7404133081918
77,7,NoHouse,1,0.011407852172851562,13643,269.0523681640625,-0.03459560871124268,-36.41950988769531,3156.339747490832,1895.7402894904112
78,7,TaskBuilding_1,2,0.021824121475219727,13644,269.0519256591797,-0.03495335578918457,-36.4195556640625,3156.337992818266,1895.7401028947747
79,7,Phone,4,0.0451359748840332,13645,269.0512084960937,-0.035818696022033684,-36.419677734375,3156.3349847808586,1895.7396036512332
80,7,NoHouse,314,4.930233955383301,13646,269.03671264648443,-0.07073819637298584,-36.40612030029297,3156.275460687784,1895.7954407519223
81,7,Phone,2,0.03372788429260254,13647,269.03680419921875,-0.06619298458099365,-36.405860900878906,3156.2758368451987,1895.7965076032947
82,7,NoHouse,1,0.01091146469116211,13648,269.03689575195307,-0.06573879718780518,-36.40596008300781,3156.27621277843,1895.7960991746754
83,7,Phone,5,0.06646442413330078,13649,269.03701782226557,-0.06447815895080566,-36.40605163574219,3156.2767140481765,1895.7957220108424
84,7,NoHouse,2,0.022319555282592773,13650,269.03738403320307,-0.06317847967147827,-36.4061279296875,3156.278217981426,1895.7954066316797
85,7,Phone,1,0.02232027053833008,13651,269.0377197265625,-0.06240916252136231,-36.40608215332031,3156.2795966592425,1895.7955935996406
86,7,NoHouse,2,0.021823883056640625,13652,269.037841796875,-0.06139808893203736,-36.40605926513672,3156.280098000532,1895.795687269846
87,7,Hand,2,0.022815942764282227,13653,269.03787231445307,-0.06003797054290772,-36.406044006347656,3156.2802233418165,1895.7957499235672
88,7,Phone,1,0.011407852172851562,13654,269.0379638671875,-0.0588526725769043,-36.40618896484375,3156.2805992464187,1895.7951531613385
89,7,Hand,1,0.010913848876953123,13655,269.03811645507807,-0.057766914367675774,-36.40641784667969,3156.281225762037,1895.7942108725197
90,7,Phone,2,0.02281475067138672,13656,269.03846740722656,-0.056728243827819824,-36.406776428222656,3156.28260418702,1895.7927342269054
91,7,Hand,1,0.01091146469116211,13657,269.03860473632807,-0.05621945858001709,-36.40701293945313,3156.2832306978603,1895.791760549163
92,7,Phone,4,0.07836794853210449,13658,269.0388946533203,-0.055451273918151855,-36.40728759765625,3156.284358511814,1895.7906294301538
93,7,Hand,2,0.0441439151763916,13659,269.03924560546875,-0.05463480949401856,-36.40752410888672,3156.285862344834,1895.7896548833792
94,7,Phone,1,0.011407852172851562,13660,269.03936767578125,-0.05428791046142578,-36.40763854980469,3156.286363600244,1895.7891835527603
95,7,Hand,2,0.03323221206665039,13661,269.03965759277344,-0.05355137586593628,-36.40768432617188,3156.2876168890266,1895.7889939776628
96,7,NoHouse,2,0.02232027053833008,13662,269.03973388671875,-0.05258715152740479,-36.40770721435547,3156.2878675381958,1895.7888995625603
97,7,Hand,6,0.08878326416015625,13663,269.04006958007807,-0.050769567489624016,-36.4078369140625,3156.289246106236,1895.7883645850343
98,7,NoHouse,1,0.01091146469116211,13664,269.04034423828125,-0.04981565475463867,-36.40788269042969,3156.2903740632655,1895.7881751340883
99,7,Hand,1,0.011408805847167969,13665,269.0404663085937,-0.04958510398864746,-36.40792846679688,3156.290875361598,1895.7879863038866
100,7,NoHouse,3,0.04315185546875,13666,269.041015625,-0.04908299446105957,-36.40809631347656,3156.29313122793,1895.7872935126557
101,7,Hand,9,0.1334238052368164,13667,269.0413818359375,-0.04841923713684082,-36.40847778320313,3156.294634970245,1895.785722576165
102,7,NoHouse,3,0.03323173522949219,13668,269.04141235351557,-0.0487217903137207,-36.40895080566406,3156.294760006203,1895.783776338108
103,7,Hand,2,0.022319555282592773,13669,269.04122924804693,-0.04869139194488525,-36.40916442871094,3156.2940078822085,1895.7828981928433
104,7,Phone,1,0.011408805847167969,13670,269.04119873046875,-0.04872465133666992,-36.40925598144531,3156.2938824932253,1895.782521649784
105,7,Hand,2,0.033231496810913086,13671,269.041030883789,-0.04892712831497192,-36.409423828125,3156.293130397854,1895.7818318381228
106,7,NoHouse,14,0.18897628784179688,13672,269.0411834716797,-0.0494762659072876,-36.40966796875,3156.2938822356136,1895.7808266473576
107,7,Phone,18,0.2990875244140625,13673,269.04086303710943,-0.05018115043640137,-36.41053771972656,3156.292503042673,1895.7772496745342
108,7,NoHouse,80,1.144766330718994,13674,269.03726196289057,-0.0615493655204773,-36.40866088867188,3156.2777150708253,1895.7849860017236
109,7,Phone,4,0.044144392013549805,13675,269.0355529785157,-0.06444209814071655,-36.40081787109375,3156.270701396282,1895.8172607809179
110,7,NoHouse,23,0.3556313514709473,13676,269.03631591796875,-0.06741809844970703,-36.394622802734375,3156.2738385631355,1895.8427454953544
111,7,Phone,11,0.21129560470581052,13677,269.04617309570307,-0.06670737266540527,-36.37602233886719,3156.314332349728,1895.9192316286053
112,7,NoHouse,1,0.010912179946899414,13678,269.05612182617193,-0.06287550926208496,-36.36648559570313,3156.3551964632147,1895.9584273252453
113,7,Phone,1,0.011408090591430664,13679,269.05938720703125,-0.06078970432281493,-36.36408996582031,3156.3686084576493,1895.9682701657189
114,7,NoHouse,13,0.1666555404663086,13680,269.0863647460937,-0.04695272445678711,-36.35249328613281,3156.4794089498064,1896.0158715717712
115,7,Building_83,5,0.0882878303527832,13681,269.11892700195307,-0.03522944450378418,-36.35089111328125,3156.613138836058,1896.0223307270294
116,7,NoHouse,11,0.19988799095153809,13682,269.142578125,-0.02636098861694336,-36.35682678222656,3156.710267109186,1895.997813884609
117,7,TaskBuilding_11,1,0.022320032119750977,13683,269.15969848632807,-0.02012336254119873,-36.364593505859375,3156.780573242778,1895.965790287742
118,7,Building_64,1,0.022319555282592773,13684,269.16085815429693,-0.01964879035949707,-36.36529541015625,3156.7853354008416,1895.962897787862
119,7,TaskBuilding_11,3,0.03323197364807129,13685,269.16397094726557,-0.01833391189575196,-36.36729431152344,3156.7981179629546,1895.9546612237473
120,7,NoHouse,9,0.09969592094421388,13686,269.16842651367193,-0.014598488807678224,-36.372650146484375,3156.8164130032683,1895.9326080725423
121,7,Building_67,2,0.022815942764282227,13687,269.17001342773443,-0.012666702270507812,-36.37570190429688,3156.8229283258574,1895.9200460488446
122,7,NoHouse,50,0.8660149574279785,13688,269.18218994140625,-0.0076386332511901855,-36.385101318359375,3156.8729296924716,1895.8813253635885
123,7,Building_67,5,0.06646418571472168,13689,269.17721557617193,-0.006637096405029297,-36.37065124511719,3156.852509736215,1895.940796204125
124,7,Building_83,24,0.3442246913909912,13690,269.1644744873047,-0.00501561164855957,-36.36091613769531,3156.8002526042246,1895.980900249962
125,7,NoHouse,1,0.010910749435424805,13691,269.1514892578125,-0.002457618713378907,-36.36077880859375,3156.7468614488125,1895.981518156315
126,7,Building_83,1,0.011408090591430664,13692,269.15103149414057,-0.0023910999298095703,-36.36080932617188,3156.744981456175,1895.9813944634966
127,7,NoHouse,14,0.19988799095153809,13693,269.1446075439453,-0.0028334856033325195,-36.360687255859375,3156.718536571109,1895.981922890811
128,7,TaskBuilding_1,1,0.022319316864013672,13694,269.13888549804693,-0.002628326416015625,-36.36154174804688,3156.6950990289592,1895.9784305548797
129,7,Building_76,1,0.011408090591430664,13695,269.1376953125,-0.002340793609619141,-36.36198425292969,3156.690210819378,1895.9766148405583
130,7,TaskBuilding_1,35,0.5217914581298828,13696,269.12045288085943,-0.0009382963180541992,-36.3682861328125,3156.6193945109576,1895.9507577521244
131,7,NoHouse,9,0.1334238052368164,13697,269.10369873046875,0.008769035339355469,-36.3883056640625,3156.550574899626,1895.8684613783162
132,7,TaskBuilding_1,40,0.6199991703033447,13698,269.0941162109375,0.012443184852600098,-36.40025329589844,3156.511213279113,1895.819345307571
133,7,Building_113,10,0.1344165802001953,13699,269.07121276855463,0.010757863521575928,-36.42981719970703,3156.417070692902,1895.6978064638251
134,7,NoHouse,1,0.01140737533569336,13700,269.06387329101557,0.009194612503051758,-36.44169616699219,3156.3869836574645,1895.6489637062941
135,7,Building_110,2,0.022320032119750977,13701,269.06285095214844,0.009156763553619385,-36.4439697265625,3156.382846289522,1895.6396139046524
136,7,Building_combined_115_116,12,0.1889755725860596,13702,269.05845642089844,0.00838625431060791,-36.45985412597656,3156.364788589677,1895.5742800544213
137,7,Building_117,1,0.022816896438598636,13703,269.057373046875,0.008338451385498047,-36.46711730957031,3156.360272105352,1895.5444022775223
138,7,NoHouse,8,0.13292717933654785,13704,269.05569458007807,0.00738084316253662,-36.47453308105469,3156.3533742241775,1895.5138990818928
139,7,Building_121,5,0.08878397941589355,13705,269.05279541015625,0.005859732627868652,-36.47773742675781,3156.3414657111366,1895.500727528305
140,7,Building_120,2,0.033232450485229485,13706,269.05084228515625,0.004618048667907715,-36.47868347167969,3156.3334438923926,1895.4968432449814
141,7,NoHouse,1,0.02231907844543457,13707,269.04962158203125,0.003814220428466797,-36.47944641113281,3156.328430148232,1895.4937093174167
142,7,Building_121,1,0.022319555282592773,13708,269.04879760742193,0.003462076187133789,-36.4801025390625,3156.3250457826166,1895.49101322148
143,7,NoHouse,2,0.02182459831237793,13709,269.0482788085937,0.003214001655578613,-36.480560302734375,3156.3229148578152,1895.4891319963417
144,7,Building_121,1,0.01140761375427246,13710,269.04742431640625,0.002769589424133301,-36.48141479492188,3156.3194050364327,1895.4856199128358
145,7,NoHouse,27,0.3774559497833252,13711,269.04251098632807,0.0006434917449951173,-36.48590087890625,3156.299223830402,1895.467183211294
146,7,TaskBuilding_20,1,0.01140761375427246,13712,269.04031372070307,8.368492126464844e-05,-36.48616027832031,3156.290199786843,1895.4661249219157
147,7,NoHouse,1,0.021824359893798828,13713,269.04022216796875,5.888938903808594e-05,-36.48605346679688,3156.2898238585663,1895.4665647388692
148,7,TaskBuilding_20,10,0.14433598518371582,13714,269.04010009765625,-0.00023895502090454102,-36.48558044433594,3156.2893228275802,1895.4685113475302
149,7,Building_119,1,0.022320032119750977,13715,269.04034423828125,-0.00027322769165039057,-36.48472595214844,3156.290326015373,1895.4720259127357
150,7,TaskBuilding_20,38,0.5555186271667479,13716,269.0409545898437,-0.0007568597793579103,-36.47803497314453,3156.2928368328935,1895.4995515054375
151,7,NoHouse,2,0.033232688903808594,13717,269.04302978515625,-0.0011202096939086914,-36.47278594970703,3156.3013626701595,1895.5211386389792
152,7,TaskBuilding_20,9,0.15524840354919436,13718,269.04312133789057,-0.0013049840927124026,-36.47344970703125,3156.301738250165,1895.518407431331
153,7,Building_119,2,0.0441429615020752,13719,269.0428466796875,-0.001702725887298584,-36.47459411621094,3156.300609549319,1895.5137002112947
154,7,NoHouse,20,0.28966355323791504,13720,269.0419769287109,-0.0024620890617370605,-36.47778320312501,3156.2969729361193,1895.5005832447346
155,7,TaskBuilding_20,1,0.021824121475219727,13721,269.0413818359375,-0.0023949146270751953,-36.47996520996094,3156.2945902696056,1895.4916083738053
156,7,NoHouse,1,0.011408090591430664,13722,269.04129028320307,-0.002275943756103516,-36.47946166992188,3156.294214589396,1895.4936804141566
157,7,Building_combined_115_116,5,0.05505585670471192,13723,269.04119873046875,-0.0022153854370117188,-36.47769165039063,3156.2938397011003,1895.5009630137756
158,7,NoHouse,1,0.011408329010009766,13724,269.04116821289057,-0.0021173954010009766,-36.47589111328125,3156.293715495265,1895.5083709210153
159,7,Building_combined_115_116,11,0.1666557788848877,13725,269.0416259765625,-0.0015344619750976562,-36.472991943359375,3156.295597283495,1895.5202968464168
160,7,Building_113,3,0.05505561828613281,13726,269.04269409179693,-0.0006644725799560548,-36.46820068359375,3156.299986888819,1895.540004740907
161,7,NoHouse,1,0.011407852172851562,13727,269.04287719726557,-0.0005631446838378906,-36.46736145019531,3156.300739403781,1895.5434567769162
162,7,Building_113,5,0.0942397117614746,13728,269.0430908203125,-0.00023889541625976557,-36.46578979492188,3156.301617708449,1895.5499220246656
163,7,NoHouse,11,0.1696319580078125,13729,269.0435791015625,-2.9087066650390625e-05,-36.46282958984375,3156.303624866711,1895.5620989382496
164,7,Building_combined_115_116,12,0.20038390159606934,13730,269.0438232421875,0.0009959936141967773,-36.458885192871094,3156.304629986897,1895.5783260151957
165,7,NoHit,1,0.011407852172851562,13731,269.04312133789057,0.0009523630142211914,-36.45787048339844,3156.301747992336,1895.5825035955322
166,7,Building_113,20,0.24651241302490234,13732,269.04159545898443,0.0005027055740356445,-36.45551300048828,3156.295482881352,1895.5922089763812
167,7,NoHouse,1,0.011408090591430664,13733,269.04092407226557,0.0005217790603637695,-36.45208740234375,3156.2927277257954,1895.6063053314497
168,7,Building_113,8,0.14383888244628906,13734,269.04049682617193,0.0004533529281616211,-36.45008087158203,3156.2909743365008,1895.6145623549965
169,7,Building_combined_115_116,1,0.022320032119750977,13735,269.04010009765625,0.0003211498260498047,-36.44827270507813,3156.2893461548397,1895.6220031427024
170,7,Building_113,1,0.021824121475219727,13736,269.04006958007807,0.00034117698669433594,-36.44813537597656,3156.289220908995,1895.6225682673976
171,7,Building_combined_115_116,23,0.3551352024078369,13737,269.0394897460937,-0.00012826919555664062,-36.44773864746094,3156.286839854495,1895.624202849438
172,7,NoHouse,32,0.5113756656646729,13738,269.03973388671875,0.0005562305450439453,-36.45005798339844,3156.287841058024,1895.6146596245026
173,7,NoHit,17,0.26635193824768066,13739,269.03985595703125,0.0009735822677612305,-36.44978332519531,3156.288342556605,1895.6157891292132
174,7,NoHouse,435,6.550663471221924,13740,269.01437377929693,-0.08347439765930176,-36.44694519042969,3156.183692330357,1895.627569442027
175,7,TaskBuilding_1,10,0.12400007247924805,13741,269.022964477539,-0.039859890937805176,-36.44176483154297,3156.218913790162,1895.6488476474915
176,7,NoHouse,2,0.022320032119750977,13742,269.0319366455078,-0.0319097638130188,-36.43902587890625,3156.2557630339093,1895.660079781319
177,7,TaskBuilding_1,5,0.055552005767822266,13743,269.03616333007807,-0.02947306632995605,-36.43540954589844,3156.2731864052384,1895.674940879498
178,7,NoHouse,14,0.2336153984069824,13744,269.05047607421875,-0.02507930994033813,-36.42308044433594,3156.331974691418,1895.7256071687584
179,7,TaskBuilding_1,3,0.04463982582092285,13745,269.05718994140625,-0.023580431938171387,-36.41859436035156,3156.3595504729446,1895.744036547855
180,7,NoHouse,3,0.04464006423950195,13746,269.05801391601557,-0.023601055145263672,-36.41819763183594,3156.362934677058,1895.7456654203124
181,7,TaskBuilding_1,4,0.0441441535949707,13747,269.05911254882807,-0.023818373680114743,-36.41741180419922,3156.367447109877,1895.7488940107787
182,7,NoHouse,47,0.7881429195404053,13748,269.04913330078125,-0.0509493350982666,-36.41940307617188,3156.326462396164,1895.7407420940353
183,7,TaskBuilding_20,4,0.06646418571472168,13749,269.0289306640625,-0.0405018925666809,-36.46086883544922,3156.2434668713113,1895.5702254575763
184,7,NoHouse,29,0.4771509170532226,13750,269.0406494140625,-0.020520448684692383,-36.48417663574219,3156.291579675729,1895.4742846734252
185,7,Building_combined_115_116,5,0.10415983200073242,13751,269.044921875,-0.017090559005737305,-36.48561096191406,3156.3091252145346,1895.4683661877343
186,7,NoHouse,1,0.006943464279174805,13752,269.04544067382807,-0.01678299903869629,-36.48439025878906,3156.311256616479,1895.4733863037045
187,7,Building_combined_115_116,6,0.07787275314331055,13753,269.0460510253907,-0.016498088836669922,-36.48234558105469,3156.3137645287807,1895.4817960495907
188,7,NoHouse,3,0.0441441535949707,13754,269.04653930664057,-0.016008853912353516,-36.47819519042969,3156.3157724313164,1895.4988696309656
189,7,Building_combined_115_116,1,0.022319555282592773,13755,269.0467529296875,-0.015775203704833984,-36.47622680664063,3156.3166509841294,1895.506967101223
190,7,NoHouse,2,0.03372812271118164,13756,269.046875,-0.01562243700027466,-36.474517822265625,3156.3171533796767,1895.5139977209055
191,7,Building_combined_115_116,2,0.021823883056640625,13757,269.0470123291016,-0.015303075313568115,-36.472816467285156,3156.3177811021433,1895.5209968277009
192,7,NoHouse,1,0.010911941528320312,13758,269.04714965820307,-0.01522707939147949,-36.47221374511719,3156.3182828058316,1895.5234760553708
193,7,Building_combined_115_116,3,0.04463982582092285,13759,269.0473022460937,-0.015100955963134766,-36.47149658203125,3156.3189099127794,1895.5264259926412
194,7,NoHouse,1,0.010912418365478516,13760,269.04754638671875,-0.01496875286102295,-36.47091674804688,3156.319912928895,1895.5288105572367
195,7,Building_combined_115_116,1,0.010911703109741213,13761,269.04763793945307,-0.014724373817443848,-36.47029113769531,3156.320289315222,1895.5313840757672
196,7,NoHouse,43,0.6115670204162598,13762,269.05255126953125,-0.014368295669555662,-36.44300842285156,3156.340484781948,1895.643610859565
197,7,Building_83,7,0.12201619148254395,13763,269.1303100585937,-0.014098167419433594,-36.38836669921875,3156.659864025734,1895.8681019936644
198,7,NoHouse,1,0.010912179946899414,13764,269.13925170898443,-0.012537002563476562,-36.390533447265625,3156.6965848186023,1895.8591511602194
199,7,Building_83,1,0.011408090591430664,13765,269.14102172851557,-0.012354612350463869,-36.39106750488281,3156.7038537143703,1895.8569467344923
200,7,NoHouse,1,0.021823406219482425,13766,269.1425170898437,-0.012157917022705078,-36.391693115234375,3156.709994568411,1895.8543667593099
201,7,Building_83,4,0.056047916412353516,13767,269.14633178710943,-0.010900616645812988,-36.39414978027344,3156.7256594714536,1895.8442440082463
202,7,NoHouse,4,0.04464006423950195,13768,269.150405883789,-0.008962750434875488,-36.3980712890625,3156.7423261061704,1895.8280935935159
203,7,Building_67,5,0.08878397941589355,13769,269.1527709960937,-0.007865428924560547,-36.401763916015625,3156.7520996484973,1895.8128916761943
204,7,NoHouse,33,0.4994716644287109,13770,269.15780639648443,-0.007341623306274414,-36.41438293457031,3156.772771428932,1895.7609539379587
205,7,TaskBuilding_11,1,0.010911703109741213,13771,269.16769409179693,-0.009202241897583008,-36.41758728027344,3156.813376825542,1895.7477303767505
206,7,NoHouse,1,0.01140904426574707,13772,269.167724609375,-0.009260296821594238,-36.41728210449219,3156.813502348695,1895.7489858086915
207,7,TaskBuilding_11,2,0.021822452545166016,13773,269.1678314208984,-0.009279727935791016,-36.41693115234375,3156.813878563591,1895.750429325769
208,7,Building_67,4,0.05555248260498047,13774,269.1680145263672,-0.009458780288696287,-36.41584014892578,3156.8147565692493,1895.754917069814
209,7,NoHouse,9,0.1666555404663086,13775,269.169921875,-0.010461091995239258,-36.41328430175781,3156.822528727275,1895.7654246553861
210,7,TaskBuilding_11,2,0.033728361129760735,13776,269.17079162597656,-0.011212706565856934,-36.411476135253906,3156.8260391448325,1895.772860349372
211,7,NoHouse,2,0.021823883056640625,13777,269.1710205078125,-0.011640608310699465,-36.41046905517578,3156.827042429332,1895.7770026914573
212,7,TaskBuilding_11,3,0.04464125633239746,13778,269.17098999023443,-0.012197256088256836,-36.40922546386719,3156.8269178789146,1895.7821192069146
213,7,Building_67,2,0.021822452545166016,13779,269.1700897216797,-0.013464808464050293,-36.406654357910156,3156.8232848802854,1895.7927008680294
214,7,NoHouse,5,0.07836794853210449,13780,269.16842651367193,-0.015476942062377931,-36.40261840820313,3156.8163941823514,1895.8093124275624
215,7,Building_67,1,0.010911941528320312,13781,269.16555786132807,-0.01872932910919189,-36.3963623046875,3156.8046169491186,1895.835063002875
216,7,NoHouse,38,0.6180152893066406,13782,269.1129913330078,-0.06823182106018066,-36.35737609863281,3156.5886951018156,1895.995674351103
217,7,Phone,22,0.2812323570251465,13783,269.0988311767578,-0.07526123523712157,-36.34059143066406,3156.5305517317165,1896.0647876466169
218,7,NoHouse,1,0.011407136917114258,13784,269.0994873046875,-0.07635712623596191,-36.33830261230469,3156.5333104626084,1896.0742015970063
219,7,Phone,2,0.0451359748840332,13785,269.09957885742193,-0.07645821571350098,-36.33812713623047,3156.533686567579,1896.0749231700752
220,7,NoHouse,2,0.021823883056640625,13786,269.0998992919922,-0.07662242650985718,-36.33769226074219,3156.53506548848,1896.0767109735307
221,7,Phone,8,0.12201619148254395,13787,269.1007995605468,-0.07670378684997559,-36.33672332763672,3156.538700714146,1896.0806937672119
222,7,NoHouse,476,7.230677843093872,13788,269.09707641601557,-0.0874599814414978,-36.32218933105469,3156.523419354919,1896.140504865879
223,7,Phone,5,0.09969615936279297,13789,269.09783935546875,-0.07791495323181152,-36.31623840332031,3156.526556375481,1896.164985141541
224,7,NoHouse,6,0.10019183158874513,13790,269.10386657714844,-0.06763255596160889,-36.31761932373047,3156.5513711842846,1896.1592791434614
225,7,Phone,3,0.055056095123291016,13791,269.1088256835937,-0.060213804244995124,-36.31996154785156,3156.5716734479092,1896.1496226108452
226,7,NoHouse,34,0.4667351245880127,13792,269.13729858398443,-0.029354631900787357,-36.340919494628906,3156.688594723865,1896.063281292818
227,7,TaskBuilding_11,1,0.010912179946899414,13793,269.14962768554693,-0.02011275291442871,-36.35310363769531,3156.7392210403564,1896.0131029916724
228,7,Building_67,2,0.022320032119750977,13794,269.1515655517578,-0.01926141977310181,-36.35478210449219,3156.747115875866,1896.006189603273
229,7,TaskBuilding_11,1,0.010911941528320312,13795,269.15328979492193,-0.018439292907714844,-36.35641479492188,3156.7542587503603,1895.999465293919
230,7,Building_67,18,0.2450234889984131,13796,269.1586303710937,-0.015361547470092772,-36.363189697265625,3156.7761875199158,1895.9715701959349
231,7,TaskBuilding_11,1,0.021824359893798828,13797,269.1617431640625,-0.014293909072875975,-36.367431640625,3156.7889686743133,1895.954105288762
232,7,NoHouse,13,0.24452733993530276,13798,269.1640625,-0.013954877853393556,-36.36985778808594,3156.798492347873,1895.9441141744283
233,7,Building_64,1,0.021823644638061523,13799,269.17276000976557,-0.013359904289245605,-36.380615234375,3156.8342050763713,1895.8998204123418
234,7,NoHouse,2,0.033728361129760735,13800,269.233154296875,-0.013562917709350586,-36.425331115722656,3157.082207885336,1895.7156043787672
235,7,Building_64,1,0.021823883056640625,13801,269.29666137695307,-0.013829231262207031,-36.460784912109375,3157.3429999857963,1895.5694820094673
236,7,NoHouse,13,0.19988775253295896,13802,269.82568359375,-0.0130845308303833,-36.38963317871094,3159.5156541458828,1895.8600622153167
237,7,Building_64,1,0.02232050895690918,13803,270.40408325195307,-0.011751651763916016,-36.19404602050781,3161.8911573611367,1896.6623885824552
238,7,NoHouse,6,0.10019135475158693,13804,270.6347045898437,-0.010902643203735352,-36.092323303222656,3162.8383368904874,1897.0799538413885
239,7,Building_64,2,0.021824121475219727,13805,270.83433532714844,-0.010084331035614014,-35.986114501953125,3163.6583085876077,1897.5161010607862
240,7,NoHouse,48,0.7777280807495117,13806,272.12831115722656,0.020336270332336426,-34.839317321777344,3168.972988801259,1902.2289279011948
241,7,TaskBuilding_11,1,0.010911941528320312,13807,273.64797973632807,0.047080159187316895,-33.676773071289055,3175.2146741566157,1907.0055714382497
242,7,NoHouse,14,0.19790363311767575,13808,274.1581420898437,0.05413615703582764,-33.291030883789055,3177.310008855221,1908.590467544106
243,7,TaskBuilding_11,1,0.010912179946899414,13809,274.5782470703125,0.05502498149871826,-32.9671630859375,3179.0354598413687,1909.921170890385
244,7,NoHouse,1,0.010911703109741213,13810,274.6220703125,0.055058956146240234,-32.933349609375,3179.215449970551,1910.0601031613724
245,7,Building_67,1,0.011408090591430664,13811,274.71060180664057,0.05520594120025635,-32.8646240234375,3179.5790652789606,1910.3424838740557
246,7,NoHouse,18,0.28966403007507324,13812,275.350341796875,0.06829023361206055,-32.31945037841797,3182.2066270612168,1912.5827578299527
247,7,TaskBuilding_12,2,0.022815465927124023,13813,276.123764038086,0.08833545446395874,-31.63660430908203,3185.383321332763,1915.3888727232256
248,7,NoHouse,1,0.011286735534667969,13814,276.228271484375,0.09073853492736816,-31.543960571289066,3185.812495218577,1915.7695875530821
249,7,TaskBuilding_12,2,0.011033296585083008,13815,276.3119506835937,0.09252464771270752,-31.46985626220703,3186.156185045162,1916.0741149576802
250,7,NoHouse,1,0.010911941528320312,13816,276.39529418945307,0.09430432319641112,-31.3963623046875,3186.4984957016327,1916.3761325299465
251,7,TaskBuilding_12,5,0.05654287338256836,13817,276.60513305664057,0.09850049018859863,-31.21234130859375,3187.3603499681535,1917.132346691672
252,7,NoHouse,14,0.22176122665405276,13818,277.21096801757807,0.1116652488708496,-30.67950439453125,3189.84864273203,1919.3219842649564
253,7,Building_67,1,0.011359453201293944,13819,277.72799682617193,0.12229716777801515,-30.21830749511719,3191.9721885121753,1921.2172501117952
254,7,NoHouse,1,0.010912418365478516,13820,277.76956176757807,0.12282121181488034,-30.180877685546875,3192.142904478884,1921.37106751906
255,7,Building_67,11,0.1775672435760498,13821,278.100341796875,0.1270895004272461,-29.88346862792969,3193.501486004391,1922.5932635161525
256,7,TaskBuilding_11,1,0.011408329010009766,13822,278.47119140625,0.13147485256195068,-29.54817199707031,3195.024640254391,1923.971163958157
257,7,Building_67,1,0.02231884002685547,13823,278.51266479492193,0.13172030448913574,-29.51057434082031,3195.194979738629,1924.125671715618
258,7,NoHouse,9,0.1666862964630127,13824,278.75885009765625,0.13334405422210693,-29.28500366210937,3196.206113150484,1925.0526661557274
259,7,TaskBuilding_11,1,0.021794557571411133,13825,278.96871948242193,0.13463246822357178,-29.10115051269531,3197.0680815740307,1925.8081798663384
260,7,NoHouse,38,0.5927190780639648,13826,280.0867462158203,0.15266293287277222,-28.316856384277344,3201.659755221715,1929.0301349084739
261,7,Building_67,2,0.0381920337677002,13827,281.3895874023437,0.17220216989517212,-27.46293640136719,3207.010486239043,1932.5377182650736
262,7,NoHouse,1,0.010912179946899414,13828,281.45916748046875,0.17232024669647214,-27.41680908203125,3207.296245191585,1932.7271944564063
263,7,Building_67,39,0.5579993724822998,13829,282.79718017578125,0.1743338108062744,-26.52336120605469,3212.7913157076737,1936.3972131655992
264,7,NoHouse,76,1.2767021656036377,13830,286.3996276855469,0.18196403980255127,-23.9747314453125,3227.5860321430296,1946.8669726552898
265,7,Building_67,1,0.010911941528320312,13831,288.709716796875,0.209384560585022,-22.1971435546875,3237.073171012082,1954.1700438473895
266,7,NoHouse,55,0.7757420539855957,13832,290.40667724609375,0.2314462661743164,-20.85189819335937,3244.0422462153274,1959.6970302774794
267,7,Building_67,4,0.08878397941589355,13833,292.36346435546875,0.25525665283203125,-19.29772186279297,3252.0782869385425,1966.0823593332843
268,7,NoHouse,1,0.021823883056640625,13834,292.49481201171875,0.2561904191970825,-19.19331359863281,3252.6176957924745,1966.5113180353342
269,7,Building_67,7,0.11159992218017578,13835,292.7555847167969,0.2581396102905273,-18.986541748046875,3253.688615957252,1967.3608308920307
270,7,NoHouse,1,0.011407852172851562,13836,293.0173645019531,0.25811922550201416,-18.779037475585934,3254.7636700502144,1968.2133510675176
271,7,Building_62,4,0.05604815483093262,13837,293.1697998046875,0.25790929794311523,-18.65757751464844,3255.3896777770237,1968.7123657985626
272,7,NoHouse,4,0.056543827056884766,13838,293.4527587890625,0.25935834646224976,-18.432540893554688,3256.5517064455166,1969.6369185095095
273,7,Building_62,14,0.18798375129699707,13839,294.0835723876953,0.26352500915527344,-17.930618286132812,3259.1422010075535,1971.6990401564426
274,7,NoHouse,3,0.055552005767822266,13840,294.45330810546875,0.2659851312637329,-17.636398315429688,3260.660649615348,1972.9078230801124
275,7,Building_62,1,0.022319793701171875,13841,294.5406799316406,0.26657557487487793,-17.567108154296875,3261.019456872887,1973.1924952633708
276,7,NoHouse,9,0.17806410789489746,13842,294.88861083984375,0.26849591732025146,-17.29132080078125,3262.4482921495237,1974.325539572484
277,7,Building_62,1,0.022319793701171875,13843,295.2793884277344,0.2684307098388672,-16.980575561523438,3264.0530817394283,1975.6022076334216
278,7,NoHouse,1,0.02182459831237793,13844,295.3230285644531,0.26843273639678955,-16.945938110351562,3264.232296495767,1975.7445118192327
279,7,Building_67,2,0.033727169036865234,13845,295.43153381347656,0.2683979272842407,-16.859649658203125,3264.6778268846288,1976.099019382351
280,7,NoHouse,2,0.0441439151763916,13846,295.56190490722656,0.26833295822143555,-16.756011962890625,3265.2132148305236,1976.524803953676
281,7,Building_67,15,0.2663524150848389,13847,296.0610046386719,0.2682514190673828,-16.35943603515625,3267.2628991349593,1978.154090054902
282,7,NoHouse,84,1.3887975215911863,13848,299.0033264160156,0.27408212423324585,-14.0460205078125,3279.34578465409,1987.658239954449
283,7,Building_64,4,0.04464006423950195,13849,301.74159240722656,0.2876521348953247,-11.942718505859375,3290.5903638220348,1996.2987254754594
284,7,TaskBuilding_11,2,0.03323197364807129,13850,301.8966064453125,0.2896195650100708,-11.82439422607422,3291.226981822577,1996.7847990157047
285,7,Building_64,1,0.022320032119750977,13851,301.9848327636719,0.2907217741012573,-11.757095336914062,3291.5892772713114,1997.0612609035024
286,7,TaskBuilding_11,17,0.23311996459960935,13852,302.69183349609375,0.30005311965942383,-11.218002319335938,3294.492520275315,1999.27583221438
287,7,Building_67,2,0.03372764587402344,13853,303.2851867675781,0.3080928921699524,-10.760955810546877,3296.9290745777093,2001.1533810007381
288,7,NoHouse,1,0.010911941528320312,13854,303.3947448730469,0.3096139430999756,-10.676162719726562,3297.3789650424615,2001.5017130623833
289,7,Building_67,21,0.300079345703125,13855,304.0503845214844,0.31908559799194336,-10.165237426757812,3300.071288079369,2003.6006230832409
290,7,NoHouse,5,0.07787322998046875,13856,304.748046875,0.3281971216201782,-9.617050170898438,3302.936167088285,2005.852625627867
291,7,Building_67,3,0.03372693061828613,13857,305.05242919921875,0.3278094530105591,-9.3756103515625,3304.1860810729268,2006.8444930214214
292,7,NoHouse,37,0.5956952571868896,13858,306.22216796875,0.3272441625595093,-8.438583374023438,3308.9894807567352,2010.6939650172794
293,7,Building_67,2,0.03372812271118164,13859,307.3428649902344,0.3334915041923523,-7.528312683105469,3313.591481068002,2014.4335675928864
294,7,Building_64,1,0.010912179946899414,13860,307.4726867675781,0.333254337310791,-7.424407958984375,3314.1245734502454,2014.8604212136552
295,7,NoHouse,26,0.369023323059082,13861,308.1288757324219,0.3269606828689575,-6.907028198242188,3316.819090447343,2016.9858284975498
296,7,Building_64,5,0.06695985794067383,13862,309.17669677734375,0.32689666748046875,-6.082916259765625,3321.1217445745424,2020.3712667420496
297,7,NoHouse,3,0.06695985794067383,13863,309.350830078125,0.3261351585388184,-5.94525146484375,3321.836784158984,2020.936793714227
298,7,Building_64,5,0.07787203788757324,13864,309.6552734375,0.3234351873397827,-5.7041168212890625,3323.086911712951,2021.9273761469935
299,7,NoHouse,4,0.06695985794067383,13865,309.9371032714844,0.3211145401000977,-5.479530334472656,3324.2441818432903,2022.8499855343307
300,7,Building_67,4,0.07787156105041504,13866,310.1534576416016,0.3194109797477722,-5.306282043457031,3325.1326543715895,2023.5616998263818
301,7,NoHouse,1,0.02182459831237793,13867,310.346923828125,0.31758975982666016,-5.1502532958984375,3325.92701717008,2024.2026814604205
302,7,Building_67,12,0.19988751411437988,13868,310.73313903808594,0.3165810704231262,-4.8370513916015625,3327.5129855699224,2025.4893542356926
303,7,NoHouse,7,0.09969615936279297,13869,311.3157653808594,0.3199601173400879,-4.355621337890625,3329.9053533337415,2027.4671791369387
304,7,Building_70,1,0.010816335678100586,13870,311.4840393066406,0.3205689191818237,-4.2142486572265625,3330.596336217441,2028.0479833251784
305,7,NoHouse,4,0.05614423751831055,13871,311.6103515625,0.3213619589805603,-4.107978820800781,3331.115011762983,2028.4845743274618
306,7,Building_70,8,0.09969615936279297,13872,312.05328369140625,0.3236250877380371,-3.737350463867188,3332.9338161391374,2030.007221312239
307,7,Building_69,1,0.022319555282592773,13873,312.2459716796875,0.32433056831359863,-3.57568359375,3333.7250466071237,2030.6713962861932
308,7,NoHouse,1,0.011407852172851562,13874,312.2885437011719,0.3245983123779297,-3.5396881103515625,3333.899859477103,2030.819277870421
309,7,Building_70,2,0.021824359893798828,13875,312.3739471435547,0.32505905628204346,-3.4674835205078125,3334.250612882302,2031.1159184524627
310,7,TaskBuilding_13,14,0.2107994556427002,13876,312.7786865234375,0.3262905478477478,-3.124183654785156,3335.9125243566054,2032.5263141083124
311,7,Building_70,2,0.03323197364807129,13877,313.2189025878906,0.3269914388656616,-2.745025634765625,3337.7201804079727,2034.0840582048259
312,7,TaskBuilding_13,42,0.6998555660247803,13878,314.4214782714844,0.3263441324234009,-1.6811447143554688,3342.6583303296143,2038.4550844260839
313,7,NoHouse,1,0.010910749435424805,13879,315.7757568359375,0.3215796947479248,-0.449676513671875,3348.2194354329968,2043.5148131151536
314,7,TaskBuilding_13,1,0.011408090591430664,13880,315.81640625,0.3213996887207031,-0.412384033203125,3348.3863549905877,2043.66803790216
315,7,NoHouse,3,0.033232688903808594,13881,315.98004150390625,0.32056331634521484,-0.26214599609375,3349.058293772389,2044.285325982236
316,7,TaskBuilding_13,5,0.055552005767822266,13882,316.2664489746094,0.32009005546569824,0.0013885498046875,3350.2343742184266,2045.3681212467118
317,7,NoHouse,2,0.022320032119750977,13883,316.5306396484375,0.3216700553894043,0.246002197265625,3351.319226409354,2046.373182590603
318,7,TaskBuilding_13,49,0.8109588623046875,13884,317.85308837890625,0.32929039001464844,1.469818115234375,3356.7496052702763,2051.4015379092684
319,7,NoHouse,1,0.02231907844543457,13885,319.283203125,0.3303931951522827,2.7899932861328125,3362.622047815025,2056.8257536685096
320,7,Building_69,2,0.04464101791381836,13886,319.406005859375,0.3303232192993164,2.9031906127929688,3363.126307207299,2057.290845808083
321,7,NoHouse,19,0.32884764671325684,13887,319.9383850097656,0.3300473690032959,3.39569091796875,3365.3123914077596,2059.314381078507
322,7,Building_69,4,0.07836794853210449,13888,320.6328125,0.3280775547027588,4.040084838867188,3368.1638820222133,2061.9620046418704
323,7,NoHouse,1,0.022319316864013672,13889,320.7957763671875,0.327515721321106,4.191619873046875,3368.8330509906045,2062.5846176274217
324,7,Building_69,1,0.02182483673095703,13890,320.836669921875,0.32736194133758545,4.22955322265625,3369.0009695502613,2062.7404740250877
325,7,NoHouse,3,0.05604767799377442,13891,320.9595947265625,0.3269987106323242,4.3438873291015625,3369.5057280588567,2063.210239060618
326,7,Building_67,2,0.022319555282592773,13892,321.10289001464844,0.32650184631347656,4.4770355224609375,3370.0941946340345,2063.757304419025
327,7,NoHouse,1,0.011408567428588869,13893,321.16455078125,0.3262423276901245,4.534210205078125,3370.347325184106,2063.992217083007
328,7,Building_67,2,0.022815704345703125,13894,321.24652099609375,0.32591211795806885,4.610404968261719,3370.683913804664,2064.3052780917437
329,7,NoHouse,1,0.011408090591430664,13895,321.36956787109375,0.3253734111785889,4.7252044677734375,3371.18917315563,2064.776956342296
330,7,Building_67,6,0.07886385917663574,13896,321.5122375488281,0.3245156407356262,4.858345031738281,3371.775008017385,2065.323992605551
331,7,NoHouse,2,0.03372693061828613,13897,321.7158966064453,0.32332855463027954,5.0488128662109375,3372.611216832851,2066.1065718865184
332,7,Building_67,3,0.03323197364807129,13898,321.8184814453125,0.3228728771209717,5.144821166992188,3373.032516470532,2066.5010432230256
333,7,NoHouse,3,0.033728837966918945,13899,321.980224609375,0.3221287727355957,5.2977142333984375,3373.6966734558205,2067.129246564932
334,7,Building_67,1,0.021823644638061523,13900,322.140625,0.3212655782699585,5.4532470703125,3374.355323089178,2067.768317676704
335,7,NoHouse,1,0.011408329010009766,13901,322.1800842285156,0.3211078643798828,5.49176025390625,3374.5173542779507,2067.926566361625
336,7,Building_67,1,0.022319555282592773,13902,322.2201843261719,0.32095277309417725,5.530670166015625,3374.6820166297034,2068.086443905345
337,7,NoHouse,72,1.143775224685669,13903,324.00538635253906,0.3250778913497925,7.664802551269531,3382.0131953311247,2076.8576049341905
338,7,Building_67,1,0.021823644638061523,13904,325.44598388671875,0.324762225151062,9.63531494140625,3387.92975740293,2084.957400594277
339,7,NoHouse,6,0.07802534103393555,13905,325.5777587890625,0.3198812007904053,9.847679138183594,3388.4710127676394,2085.8304521421223
340,7,Building_67,2,0.033077478408813484,13906,325.7037658691406,0.33297139406204224,10.095344543457033,3388.9886596546276,2086.8487823726396
341,7,TaskBuilding_11,1,0.022321462631225586,13907,325.76239013671875,0.3335925340652466,10.220809936523438,3389.229511740144,2087.364689460039
342,7,Building_64,6,0.1334226131439209,13908,325.8576354980469,0.3346943259239197,10.450912475585938,3389.620866782487,2088.310926848595
343,7,TaskBuilding_11,7,0.12201666831970215,13909,326.0384521484375,0.3353993892669678,11.002395629882812,3390.364040339073,2090.579023997907
344,7,NoHouse,31,0.4776465892791748,13910,326.4949035644531,0.33753156661987305,12.4293212890625,3392.2401739438033,2096.44766924722
345,7,TaskBuilding_11,32,0.4890551567077637,13911,327.00010681152344,0.4116334319114685,14.730941772460938,3394.31812345941,2105.9151487003915
346,7,Building_67,6,0.07787275314331055,13912,327.12574768066406,0.4142773747444153,16.340911865234375,3394.8367067884715,2112.5389784067866
347,7,NoHouse,20,0.3511667251586914,13913,327.15623474121094,0.446888267993927,17.326576232910153,3394.9638153516767,2116.594567322886
348,7,Building_70,5,0.10019207000732422,13914,327.15362548828125,0.4845819473266602,18.213119506835934,3394.954706124625,2120.242521302
349,7,TaskBuilding_13,8,0.12201571464538576,13915,327.1361846923828,0.4972919225692749,18.816070556640625,3394.8841879344823,2122.7236574758817
350,7,Building_70,1,0.011408090591430664,13916,327.11358642578125,0.5010626316070557,19.19837951660156,3394.7922116109366,2124.296928769134
351,7,TaskBuilding_13,1,0.011407852172851562,13917,327.10723876953125,0.5014643669128418,19.2515869140625,3394.766257010631,2124.5159059004227
352,7,NoHouse,1,0.010911941528320312,13918,327.0936279296875,0.5023736953735352,19.360763549804688,3394.710595091897,2124.965230443583
353,7,TaskBuilding_13,1,0.011904001235961914,13919,327.0743713378906,0.5033161640167236,19.46957397460937,3394.6317590143553,2125.413081166883
354,7,NoHouse,2,0.022320032119750977,13920,327.0588836669922,0.5040559768676758,19.551025390625,3394.5684040072715,2125.748331980293
355,7,TaskBuilding_13,2,0.022816896438598636,13921,327.02001953125,0.5056835412979126,19.7120361328125,3394.4091221581775,2126.4110946894207
356,7,NoHouse,1,0.010911703109741213,13922,326.983642578125,0.5062766075134277,19.845672607421875,3394.2600601825147,2126.9612025068773
357,7,TaskBuilding_13,14,0.18004727363586426,13923,326.8144226074219,0.5029011964797974,20.34296417236328,3393.5664106842273,2129.00848322021
358,7,NoHouse,3,0.0441439151763916,13924,326.5201110839844,0.5030217170715332,21.0885009765625,3392.359763435989,2132.078020533154
359,7,TaskBuilding_13,1,0.022319793701171875,13925,326.4770202636719,0.5030579566955566,21.19091796875,3392.183081691452,2132.4997119399986
360,7,TaskBuilding_14,1,0.010912179946899414,13926,326.45556640625,0.5031096935272217,21.240982055664066,3392.095114368076,2132.705848183047
361,7,NoHouse,17,0.2222075462341309,13927,326.15625,0.5042660236358643,21.891342163085934,3390.867729363574,2135.3838075804942
362,7,HighSilo-TaskBuilding_49,1,0.021824121475219727,13928,325.838134765625,0.5086889266967773,22.516571044921875,3389.563120372746,2137.9584910565036
363,7,NoHouse,14,0.2445278167724609,13929,325.63995361328125,0.5105651617050171,22.87976837158203,3388.7503120852207,2139.45422406648
364,7,Building_77,1,0.021823644638061523,13930,325.3468933105469,0.5076193809509277,23.38055419921875,3387.5482954580348,2141.5167120292836
365,7,Building_76,1,0.011408329010009766,13931,325.289306640625,0.5066430568695068,23.47544860839844,3387.3120900810914,2141.907549234218
366,7,TaskBuilding_13,31,0.4999682903289795,13932,324.53680419921875,0.5071730613708496,24.64019775390625,3384.225346016778,2146.7050761150845
367,7,Building_70,15,0.25543880462646484,13933,323.7251892089844,0.4921956062316895,25.78089904785156,3380.8958351759647,2151.4041034009697
368,7,NoHouse,1,0.011408567428588869,13934,323.3351745605469,0.4858531951904297,26.318130493164066,3379.295819313568,2153.61727035093
369,7,Building_69,8,0.14433598518371582,13935,323.1269073486328,0.4631705284118652,26.610450744628906,3378.441352999985,2154.8214935632827
370,7,NoHouse,1,0.010911703109741213,13936,322.92041015625,0.4556137323379517,26.90325927734375,3377.594273499659,2156.0277228137434
371,7,Building_69,5,0.06646418571472168,13937,322.8236999511719,0.4564145803451538,27.04096984863281,3377.197525034237,2156.595023779206
372,7,NoHouse,2,0.03372788429260254,13938,322.7116241455078,0.4635746479034424,27.20157623291016,3376.7376777610466,2157.2566422946365
373,7,Building_69,1,0.022320032119750977,13939,322.66326904296875,0.4665775299072266,27.27095031738281,3376.5393660033565,2157.5424292723765
374,7,NoHouse,1,0.021823644638061523,13940,322.63140869140625,0.4685611724853516,27.31672668457031,3376.4086604643235,2157.731005310786
375,7,Building_69,1,0.011408090591430664,13941,322.5996398925781,0.4705338478088379,27.362564086914066,3376.2783307350182,2157.919832159747
376,7,NoHouse,3,0.06646394729614258,13942,322.5364990234375,0.4734630584716797,27.45494079589844,3376.0193007309313,2158.300372595262
377,7,Building_69,3,0.04464006423950195,13943,322.4425048828125,0.47259044647216797,27.593521118164066,3375.63369880461,2158.871243093567
378,7,NoHouse,5,0.09969592094421388,13944,322.28948974609375,0.4703397750854492,27.8245849609375,3375.005976261825,2159.8230733475934
379,7,Building_68,2,0.03323197364807129,13945,322.15411376953125,0.4684165716171265,28.03559875488281,3374.4506250363643,2160.692288312269
380,7,Garage_86,1,0.022319793701171875,13946,322.10931396484375,0.4678096771240234,28.10661315917969,3374.2668449204157,2160.9848094358335
381,7,Building_68,1,0.022320032119750977,13947,322.0506591796875,0.4671635627746582,28.20051574707031,3374.026229420647,2161.3716082248648
382,7,NoHouse,4,0.06646394729614258,13948,321.9073486328125,0.4654678106307984,28.438087463378906,3373.4383488861286,2162.3501741672917
383,7,Garage_86,1,0.02232050895690918,13949,321.7959899902344,0.4642443656921386,28.62992858886719,3372.9815505515967,2163.1403512077077
384,7,NoHouse,10,0.1775670051574707,13950,321.52923583984375,0.4609488248825073,29.116806030273434,3371.8873538113535,2165.145674385446
385,7,Building_68,3,0.05555224418640137,13951,321.3046875,0.4561564922332764,29.56327819824219,3370.9663372152418,2166.984472910415
386,7,Building_63,1,0.02194786071777344,13952,321.2325744628906,0.4554500579833984,29.71452331542969,3370.6705676424144,2167.607356256569
387,7,Building_62,9,0.11147618293762207,13953,321.0263977050781,0.46227550506591797,30.16767883300781,3369.824971382802,2169.47356809963
388,7,Building_68,1,0.010911941528320312,13954,320.8529052734375,0.4738316535949707,30.57481384277344,3369.113463752074,2171.150196410431
389,7,Building_62,1,0.011904001235961914,13955,320.8106689453125,0.4766044616699219,30.677505493164066,3368.940254364577,2171.5730848356907
390,7,Building_68,2,0.04364776611328125,13956,320.7485046386719,0.4807950258255005,30.831756591796875,3368.6853260512858,2172.208290736834
391,7,Building_62,1,0.022062301635742188,13957,320.70831298828125,0.4835243225097656,30.93437194824219,3368.520509618946,2172.630854486809
392,7,NoHouse,1,0.011169910430908205,13958,320.668212890625,0.4862265586853027,31.03749084472656,3368.3560696295262,2173.055490730231
393,7,Building_61,4,0.06695985794067383,13959,320.5802764892578,0.4924278259277344,31.27066802978516,3367.9954141185794,2174.0156836717942
394,7,NoHouse,1,0.022069454193115238,13960,320.5140686035156,0.4971942901611328,31.45259094238281,3367.723994193246,2174.764805917332
395,7,Building_61,4,0.05530595779418945,13961,320.4497375488281,0.5020890235900879,31.63517761230469,3367.4602168250826,2175.516650675845
396,7,NoHouse,14,0.2187356948852539,13962,320.235107421875,0.5189986228942871,32.29296875,3366.580244967442,2178.2251773226862
397,7,Building_66,23,0.35563087463378906,13963,319.7305603027344,0.5643239021301271,34.051589965820305,3364.511958825089,2185.4661961683205
398,7,NoHouse,58,0.8025281429290771,13964,318.57872009277344,0.5922075510025024,37.14898300170898,3359.788539171609,2198.221639221944
399,7,TaskBuilding_9,5,0.08878397941589355,13965,317.4187927246094,0.585949182510376,39.62319946289063,3355.03051940249,2208.4127441849932
400,7,NoHouse,11,0.14483141899108887,13966,317.0390625,0.5931665897369385,40.027931213378906,3353.472170559543,2210.081055938267
401,7,TaskBuilding_9,2,0.022320032119750977,13967,316.64805603027344,0.6006674766540527,40.38747787475586,3351.8674981463096,2211.563470392776
402,7,NoHouse,2,0.021823883056640625,13968,316.5648651123047,0.6014032363891602,40.4636116027832,3351.526070580028,2211.877374867063
403,7,TaskBuilding_9,6,0.10019207000732422,13969,316.3979034423828,0.6084374189376831,40.61654281616211,3350.8407085673907,2212.5079217130515
404,7,NoHouse,5,0.09969592094421388,13970,316.16796875,0.6383140087127686,40.825767517089844,3349.8970765720524,2213.370584299798
405,7,TaskBuilding_9,17,0.2777597904205322,13971,315.4669494628906,0.6513607501983643,41.46028900146485,3347.019925434752,2215.9868581450137
406,7,NoHouse,144,2.321276903152466,13972,313.5691223144531,0.6424957513809204,46.39905548095703,3339.235646411389,2236.3286318735613
407,7,TaskBuilding_9,2,0.022320032119750977,13973,315.747802734375,0.6424646377563477,50.94279098510742,3348.1885032127966,2255.018459817378
408,7,NoHouse,5,0.07737565040588379,13974,315.964111328125,0.6408932209014893,51.193641662597656,3349.0770606487986,2256.04965206029
409,7,TaskBuilding_9,2,0.044640302658081055,13975,316.1282043457031,0.6394416093826294,51.38138198852539,3349.7511212192526,2256.821396273125
410,7,NoHouse,80,1.2776942253112793,13976,318.3589630126953,0.6186925172805786,53.83871078491211,3358.9143694072623,2266.9221434927326
411,7,TaskBuilding_9,1,0.010911941528320312,13977,320.7424621582031,0.5899324417114258,56.07537078857422,3368.7044093251134,2276.113356352482
412,7,NoHouse,1,0.010911703109741213,13978,320.830322265625,0.5900402069091797,56.14434814453125,3369.065260056323,2276.3967080494667
413,7,TaskBuilding_9,1,0.011408567428588869,13979,320.8739013671875,0.5902178287506104,56.178749084472656,3369.244244275507,2276.538025061407
414,7,NoHouse,5,0.08878397941589355,13980,321.04888916015625,0.5907659530639648,56.316612243652344,3369.962937636102,2277.1043559554264
415,7,TaskBuilding_9,13,0.2107994556427002,13981,321.48626708984375,0.5921146869659424,56.662330627441406,3371.759293471414,2278.524546669656
416,7,NoHouse,31,0.5108790397644043,13982,322.8678894042969,0.5913059711456299,57.777305603027344,3377.433765257034,2283.104971194768
417,7,TaskBuilding_9,1,0.022320032119750977,13983,324.0699462890625,0.5747599601745605,58.76403045654297,3382.370732895453,2287.1586423269123
418,7,NoHouse,18,0.24452805519104004,13984,324.5648651123047,0.5665514469146729,59.16935348510742,3384.40346435915,2288.82377707189
419,7,TaskBuilding_9,1,0.010911703109741213,13985,325.1900939941406,0.5547962188720703,59.67903137207031,3386.971250620578,2290.917591985786
420,7,NoHouse,2,0.03323221206665039,13986,325.2979888916016,0.5538977384567261,59.76679992675781,3387.4144421190276,2291.2781526963927
421,7,TaskBuilding_9,4,0.06646370887756348,13987,325.4275817871094,0.5531145334243774,59.87234115600586,3387.9466227461517,2291.711726034858
422,7,NoHouse,1,0.02232074737548828,13988,325.5789794921875,0.5521848201751709,59.9957275390625,3388.5684188785754,2292.218609135297
423,7,TaskBuilding_9,1,0.022319316864013672,13989,325.6651611328125,0.5516791343688965,60.06561279296875,3388.9223692477676,2292.5057012454404
424,7,NoHouse,1,0.022320032119750977,13990,325.75164794921875,0.5512702465057373,60.136024475097656,3389.277573307644,2292.7949581968905
425,7,TaskBuilding_9,5,0.07787179946899414,13991,325.96685791015625,0.549997091293335,60.31177520751953,3390.161447529634,2293.5169605627075
426,7,NoHouse,8,0.09969568252563477,13992,326.2899475097656,0.5430382490158081,60.57555770874024,3391.4883845776894,2294.6006042605695
427,7,TaskBuilding_9,1,0.010911941528320312,13993,326.48345947265625,0.5388357639312744,60.73323059082031,3392.2831411882094,2295.2483357641822
428,7,NoHouse,3,0.04464006423950195,13994,326.6556396484375,0.5351092815399171,60.87388610839844,3392.9902877044624,2295.826161191696
429,7,TaskBuilding_9,2,0.04464006423950195,13995,326.7635040283203,0.532859206199646,60.96203231811523,3393.4332253332195,2296.188273754062
430,7,NoHouse,157,2.498349189758301,13996,331.1614074707031,0.4606630802154541,64.63027191162111,3411.495425703201,2311.258162838867
431,7,TaskBuilding_9,2,0.022319555282592773,13997,335.57264709472656,0.4023619890213013,68.38339233398439,3429.6119496794918,2326.6769919834014
432,7,NoHouse,2,0.03323197364807129,13998,335.6788330078125,0.4011017680168152,68.47388076782228,3430.048103470017,2327.0487548066867
433,7,TaskBuilding_9,1,0.022320032119750977,13999,335.7421875,0.4003173112869263,68.52745056152344,3430.308290778356,2327.268812429771
434,7,NoHouse,5,0.09969592094421388,14000,335.91168212890625,0.3980511426925659,68.67128753662111,3431.004380182221,2327.8597219033654
435,7,TaskBuilding_9,1,0.011408090591430664,14001,336.1231689453125,0.3941270112991333,68.85142517089844,3431.872925715503,2328.5997662063824
436,7,NoHouse,2,0.03323173522949219,14002,336.24989318847656,0.3919428586959839,68.95945358276367,3432.3933007600103,2329.0435863896005
437,7,TaskBuilding_9,12,0.23311996459960935,14003,336.69386291503906,0.3841668367385864,69.33705139160156,3434.2166137752347,2330.594815185338
438,7,Building_60,1,0.01140761375427246,14004,337.1384582519531,0.3750215768814087,69.7139892578125,3436.042551541628,2332.143334242912
439,7,Building_59,6,0.07737612724304199,14005,337.2865753173828,0.3728945851325989,69.84028625488281,3436.6507801946896,2332.6621872771293
440,7,NoHouse,1,0.01140761375427246,14006,337.4341735839844,0.3708125352859497,69.96593475341797,3437.257002558259,2333.178373730995
441,7,Building_59,20,0.3224000930786133,14007,338.09083557128906,0.36171215772628784,70.52248764038086,3439.95372201877,2335.464782286983
442,7,NoHouse,17,0.2777595520019531,14008,339.171630859375,0.3445626497268677,71.43657684326172,3444.3923725643576,2339.219929948803
443,7,TaskBuilding_9,2,0.0441441535949707,14009,339.87046813964844,0.32614433765411377,72.02874374389648,3447.26239335423,2341.652619372578
444,7,NoHouse,5,0.07787179946899414,14010,340.1034240722656,0.32336556911468506,72.22637176513672,3448.2190231096833,2342.4644769157367
445,7,TaskBuilding_9,3,0.05505561828613281,14011,340.3570556640625,0.3203362226486206,72.44225311279297,3449.260625400602,2343.3513412373027
446,7,NoHouse,4,0.07787227630615234,14012,340.6316375732422,0.3151183724403381,72.67611694335938,3450.38832671377,2344.3120793014496
447,7,TaskBuilding_9,26,0.4444153308868408,14013,341.6514892578125,0.27566081285476685,73.57550048828125,3454.5765895646946,2348.0070981020735
448,7,NoHouse,26,0.4435901641845703,14014,343.3672637939453,0.2699142098426819,75.1957015991211,3461.6230533265757,2354.664368458506
449,7,TaskBuilding_9,3,0.04496932029724121,14015,344.1397705078125,0.25653791427612305,75.9269027709961,3464.7957141270003,2357.668808240567
450,7,NoHouse,27,0.4295351505279541,14016,344.91455078125,0.23509716987609866,76.80001068115234,3467.9779535312855,2361.2574211362235
451,7,TaskBuilding_9,42,0.6363675594329834,14017,346.4164276123047,0.1987682580947876,78.98246002197266,3474.1477471427993,2370.2308851933085
452,7,NoHouse,2,0.03323197364807129,14018,347.6798248291016,0.17883527278900144,80.46032333374023,3479.3369742898103,2376.305487307989
453,7,TaskBuilding_9,4,0.04463982582092285,14019,347.82472229003906,0.17613869905471802,80.62884521484375,3479.9319917717144,2376.998154055801
454,7,NoHouse,2,0.0441429615020752,14020,347.9698028564453,0.1734764575958252,80.7977294921875,3480.527886733805,2377.6923265742107
455,7,TaskBuilding_9,9,0.1666567325592041,14021,348.2060546875,0.16857969760894775,81.07135009765625,3481.4983118444975,2378.816991691263
456,7,NoHouse,12,0.21129584312438965,14022,348.8223876953125,0.15329694747924805,81.78712463378906,3484.029792150027,2381.759055882154
457,7,TaskBuilding_9,62,0.9994385242462158,14023,350.92919921875,0.09421610832214357,84.22212982177734,3492.683095292718,2391.7676005188123
458,7,NoHouse,29,0.463263750076294,14024,353.2813720703125,0.047260165214538574,86.95989227294922,3502.3441619212113,2403.020625727428
459,7,TaskBuilding_9,5,0.055552005767822266,14025,354.1437683105469,0.023436665534973145,87.97555541992188,3505.8862923332063,2407.195369255568
460,7,NoHouse,30,0.380927324295044,14026,354.8572692871094,-0.00937807559967041,88.83706665039062,3508.8169104778785,2410.7366272919708
461,7,TaskBuilding_9,3,0.06646394729614258,14027,355.56085205078125,-0.027722001075744632,89.72956848144531,3511.7068935268635,2414.4055476705653
462,7,NoHouse,17,0.2336156368255615,14028,355.8915710449219,-0.04062080383300781,90.31464385986328,3513.0657418640176,2416.81171961213
463,7,TaskBuilding_9,10,0.1775679588317871,14029,356.1666412353516,-0.05634629726409913,91.02643203735352,3514.196569198858,2419.7400045324703
464,7,NoHouse,43,0.6328954696655273,14030,356.85968017578125,-0.10279762744903563,93.22384643554688,3517.04650052066,2428.781505868452
465,7,Building_61,2,0.04463958740234375,14031,357.2310791015625,-0.11514151096343996,94.81876373291016,3518.574878170081,2435.3450855184665
466,7,NoHouse,16,0.25543999671936035,14032,357.41758728027344,-0.11832284927368165,95.6017723083496,3519.3424188116005,2438.567386419996
467,7,TaskBuilding_9,8,0.09980034828186037,14033,357.61895751953125,-0.13044893741607666,96.43817901611328,3520.1709732730196,2442.0094705695105
468,7,NoHouse,4,0.07776689529418945,14034,357.7151641845703,-0.1313345432281494,96.84309768676758,3520.5668059885375,2443.675836173953
469,7,TaskBuilding_9,20,0.3293435573577881,14035,357.9297790527344,-0.13772058486938474,97.78998565673828,3521.4501345771996,2447.572727706045
470,7,NoHouse,14,0.15673589706420898,14036,358.21429443359375,-0.14691531658172607,99.03495407104492,3522.6210650570074,2452.6963774516207
471,7,Building_61,1,0.011408090591430664,14037,358.35687255859375,-0.1517181396484375,99.65779113769531,3523.207850272511,2455.259646047588
472,7,NoHouse,1,0.011408090591430664,14038,358.38134765625,-0.15257608890533447,99.765869140625,3523.3085816087555,2455.70444411531
473,7,Building_61,1,0.010911941528320312,14039,358.406494140625,-0.15340375900268555,99.87444305419922,3523.412069935079,2456.151278888038
474,7,NoHouse,1,0.01140761375427246,14040,358.4314270019531,-0.15429604053497314,99.98262786865234,3523.5146805514887,2456.596513680428
475,7,Building_61,2,0.022816181182861328,14041,358.4560852050781,-0.15522116422653198,100.09092330932616,3523.6161642082648,2457.042190849531
476,7,NoHouse,235,3.573675632476806,14042,360.79730224609375,-0.30641770362854004,108.6890869140625,3533.247688100212,2492.426045315883
